host_monotonic_s,session_id,command_sequence,applied_sequence,state,reject_reason,command_age_ms,ack_latency_ms,rssi_dbm,response_mask,leader_0,leader_1,leader_2,leader_3,leader_4,leader_5,target_0,target_1,target_2,target_3,target_4,target_5,measured_0,measured_1,measured_2,measured_3,measured_4,measured_5
20735.579483097,1883140105,1,1684,2,0,248413,,-39,63,,,,,,,,,,,,,0.13345632854605077,-1.8331070415233413,1.5201749607946704,1.5462526341887264,2.5939615123146194,-0.483203948183977
20735.740509865,3904378998,3,2,1,0,56,80.72787000128301,-34,63,,,,,,,,,,,,,0.13345632854605077,-1.8331070415233413,1.5201749607946704,1.5462526341887264,2.5939615123146194,-0.483203948183977
20735.842458151,3904378998,6,6,1,0,8,33.120158997917315,-34,63,2.5988700564971765,-98.17880794701986,98.6870897155361,57.75467775467774,-0.41514041514041367,2.4981631153563555,0.13345632854605077,-1.8331070415233413,1.5201749607946704,1.5462526341887264,2.5939615123146194,-0.483203948183977,0.13345632854605077,-1.8331070415233413,1.5201749607946704,1.5462526341887264,2.5939615123146194,-0.483203948183977
20735.942533665,3904378998,9,7,1,0,26,99.91548199832323,-34,63,2.5988700564971765,-98.17880794701986,98.6870897155361,57.75467775467774,-0.41514041514041367,2.4981631153563555,0.13345632854605077,-1.8331070415233413,1.5201749607946704,1.5462526341887264,2.5939615123146194,-0.483203948183977,0.13345632854605077,-1.8331070415233413,1.5201749607946704,1.5462526341887264,2.5939615123146194,-0.483203948183977
20736.042398675,3904378998,12,12,1,0,9,32.926168001722544,-34,63,2.5988700564971765,-98.17880794701986,98.6870897155361,57.75467775467774,-0.41514041514041367,2.4981631153563555,0.13345632854605077,-1.8331070415233413,1.5201749607946704,1.5462526341887264,2.5939615123146194,-0.483203948183977,0.13345632854605077,-1.8331070415233413,1.5201749607946704,1.5462526341887264,2.5939615123146194,-0.483203948183977
20736.142646441,3904378998,15,15,1,0,11,33.06234899719129,-34,63,2.5988700564971765,-98.17880794701986,98.6870897155361,57.75467775467774,-0.41514041514041367,2.4981631153563555,0.13345632854605077,-1.8331070415233413,1.5201749607946704,1.5462526341887264,2.5939615123146194,-0.483203948183977,0.13345632854605077,-1.8331070415233413,1.5201749607946704,1.5462526341887264,2.5939615123146194,-0.483203948183977
20736.242396402,3904378998,18,18,1,0,8,33.13440300189541,-34,63,2.5988700564971765,-98.17880794701986,98.6870897155361,57.75467775467774,-0.41514041514041367,2.4981631153563555,0.13345632854605077,-1.8331070415233413,1.5201749607946704,1.5462526341887264,2.5939615123146194,-0.483203948183977,0.13345632854605077,-1.8331070415233413,1.5201749607946704,1.5462526341887264,2.5939615123146194,-0.483203948183977
20736.342376095,3904378998,21,21,1,0,9,33.17362300003879,-34,63,2.5988700564971765,-98.17880794701986,98.6870897155361,57.75467775467774,-0.41514041514041367,2.4981631153563555,0.13345632854605077,-1.8331070415233413,1.5201749607946704,1.5462526341887264,2.5939615123146194,-0.483203948183977,0.13345632854605077,-1.8331070415233413,1.5201749607946704,1.5462526341887264,2.5939615123146194,-0.483203948183977
20736.44272533,3904378998,24,24,1,0,3,33.44894200199633,-34,63,2.5988700564971765,-98.17880794701986,98.6870897155361,57.75467775467774,-0.41514041514041367,2.4981631153563555,0.13345632854605077,-1.8331070415233413,1.5201749607946704,1.5462526341887264,2.5939615123146194,-0.483203948183977,0.13345632854605077,-1.8331070415233413,1.5201749607946704,1.5462526341887264,2.5939615123146194,-0.483203948183977
20736.542448076,3904378998,27,27,1,0,7,32.92900900123641,-34,63,2.5988700564971765,-98.17880794701986,98.6870897155361,57.75467775467774,-0.41514041514041367,2.4981631153563555,0.13345632854605077,-1.8331070415233413,1.5201749607946704,1.5462526341887264,2.5939615123146194,-0.483203948183977,0.13345632854605077,-1.8331070415233413,1.5201749607946704,1.5462526341887264,2.5939615123146194,-0.483203948183977
20736.642378234,3904378998,30,30,1,0,7,33.02620999966166,-34,63,2.5988700564971765,-98.17880794701986,98.6870897155361,57.75467775467774,-0.41514041514041367,2.4981631153563555,0.13345632854605077,-1.8331070415233413,1.5201749607946704,1.5462526341887264,2.5939615123146194,-0.483203948183977,0.13345632854605077,-1.8331070415233413,1.5201749607946704,1.5462526341887264,2.5939615123146194,-0.483203948183977
20736.742530839,3904378998,33,33,1,0,7,33.07474499888485,-34,63,2.5988700564971765,-98.17880794701986,98.6870897155361,57.75467775467774,-0.41514041514041367,2.4981631153563555,0.13345632854605077,-1.8331070415233413,1.5201749607946704,1.5462526341887264,2.5939615123146194,-0.483203948183977,0.13345632854605077,-1.8331070415233413,1.5201749607946704,1.5462526341887264,2.5939615123146194,-0.483203948183977
20736.842555999,3904378998,36,36,1,0,7,32.923452999966685,-38,63,2.5988700564971765,-98.17880794701986,98.6870897155361,57.75467775467774,-0.41514041514041367,2.4981631153563555,0.13345632854605077,-1.8331070415233413,1.5201749607946704,1.5462526341887264,2.5939615123146194,-0.483203948183977,0.13345632854605077,-1.8331070415233413,1.5201749607946704,1.5462526341887264,2.5939615123146194,-0.483203948183977
20736.942363126,3904378998,39,39,1,0,9,32.786554998892825,-38,63,2.5988700564971765,-98.17880794701986,98.6870897155361,57.75467775467774,-0.41514041514041367,2.4981631153563555,0.13345632854605077,-1.8331070415233413,1.5201749607946704,1.5462526341887264,2.5939615123146194,-0.483203948183977,0.13345632854605077,-1.8331070415233413,1.5201749607946704,1.5462526341887264,2.5939615123146194,-0.483203948183977
20737.042644097,3904378998,42,42,1,0,7,33.14809199946467,-38,63,2.5988700564971765,-98.17880794701986,98.6870897155361,57.75467775467774,-0.41514041514041367,2.4981631153563555,0.13345632854605077,-1.8331070415233413,1.5201749607946704,1.5462526341887264,2.5939615123146194,-0.483203948183977,0.13345632854605077,-1.8331070415233413,1.5201749607946704,1.5462526341887264,2.5939615123146194,-0.483203948183977
20737.142445315,3904378998,45,45,1,0,7,32.79052699872409,-38,63,2.5988700564971765,-98.17880794701986,98.6870897155361,57.75467775467774,-0.41514041514041367,2.4981631153563555,0.13345632854605077,-1.8331070415233413,1.5201749607946704,1.5462526341887264,2.5939615123146194,-0.483203948183977,0.13345632854605077,-1.8331070415233413,1.5201749607946704,1.5462526341887264,2.5939615123146194,-0.483203948183977
20737.242442929,3904378998,48,46,1,0,24,99.83782700146548,-38,63,2.5988700564971765,-98.17880794701986,98.6870897155361,57.75467775467774,-0.41514041514041367,2.4981631153563555,0.13345632854605077,-1.8331070415233413,1.5201749607946704,1.5462526341887264,2.5939615123146194,-0.483203948183977,0.13345632854605077,-1.8331070415233413,1.5201749607946704,1.5462526341887264,2.5939615123146194,-0.483203948183977
20737.342450927,3904378998,51,51,1,0,7,32.926138999755494,-38,63,2.5988700564971765,-98.17880794701986,98.6870897155361,57.75467775467774,-0.41514041514041367,2.4981631153563555,0.13345632854605077,-1.8331070415233413,1.5201749607946704,1.5462526341887264,2.5939615123146194,-0.483203948183977,0.13345632854605077,-1.8331070415233413,1.5201749607946704,1.5462526341887264,2.5939615123146194,-0.483203948183977
20737.44249653,3904378998,54,54,1,0,8,33.097187999374,-38,63,2.5988700564971765,-98.17880794701986,98.6870897155361,57.75467775467774,-0.41514041514041367,2.4981631153563555,0.13345632854605077,-1.8331070415233413,1.5201749607946704,1.5462526341887264,2.5939615123146194,-0.483203948183977,0.13345632854605077,-1.8331070415233413,1.5201749607946704,1.5462526341887264,2.5939615123146194,-0.483203948183977
20737.542509811,3904378998,57,57,1,0,8,33.10779099774663,-38,63,2.5988700564971765,-98.17880794701986,98.6870897155361,57.75467775467774,-0.41514041514041367,2.4981631153563555,0.13345632854605077,-1.8331070415233413,1.5201749607946704,1.5462526341887264,2.5939615123146194,-0.483203948183977,0.13345632854605077,-1.8331070415233413,1.5201749607946704,1.5462526341887264,2.5939615123146194,-0.483203948183977
20737.642586076,3904378998,60,60,1,0,8,33.16620099940337,-38,63,2.5988700564971765,-98.17880794701986,98.6870897155361,57.75467775467774,-0.41514041514041367,2.4981631153563555,0.13345632854605077,-1.8331070415233413,1.5201749607946704,1.5462526341887264,2.5939615123146194,-0.483203948183977,0.13345632854605077,-1.8331070415233413,1.5201749607946704,1.5462526341887264,2.5939615123146194,-0.483203948183977
20737.742700776,3904378998,63,63,1,0,8,33.26507100064191,-38,63,2.5988700564971765,-98.17880794701986,98.6870897155361,57.75467775467774,-0.41514041514041367,2.4981631153563555,0.13345632854605077,-1.8331070415233413,1.5201749607946704,1.5462526341887264,2.5939615123146194,-0.483203948183977,0.13345632854605077,-1.8331070415233413,1.5201749607946704,1.5462526341887264,2.5939615123146194,-0.483203948183977
20737.842566413,3904378998,66,66,1,0,10,33.23569799977122,-38,63,2.5988700564971765,-98.17880794701986,98.6870897155361,57.75467775467774,-0.41514041514041367,2.4981631153563555,0.13345632854605077,-1.8331070415233413,1.5201749607946704,1.5462526341887264,2.5939615123146194,-0.483203948183977,0.13345632854605077,-1.8331070415233413,1.5201749607946704,1.5462526341887264,2.5939615123146194,-0.483203948183977
20737.942583373,3904378998,69,69,1,0,7,33.12095300134388,-38,63,2.5988700564971765,-98.17880794701986,98.6870897155361,57.75467775467774,-0.41514041514041367,2.4981631153563555,0.13345632854605077,-1.8331070415233413,1.5201749607946704,1.5462526341887264,2.5939615123146194,-0.483203948183977,0.13345632854605077,-1.8331070415233413,1.5201749607946704,1.5462526341887264,2.5939615123146194,-0.483203948183977
20738.04251866,3904378998,72,72,1,0,8,32.97100000054343,-38,63,2.5988700564971765,-98.17880794701986,98.6870897155361,57.75467775467774,-0.41514041514041367,2.4981631153563555,0.13345632854605077,-1.8331070415233413,1.5201749607946704,1.5462526341887264,2.5939615123146194,-0.483203948183977,0.13345632854605077,-1.8331070415233413,1.5201749607946704,1.5462526341887264,2.5939615123146194,-0.483203948183977
20738.142423403,3904378998,75,75,1,0,9,32.91698500106577,-38,63,2.5988700564971765,-98.17880794701986,98.6870897155361,57.75467775467774,-0.41514041514041367,2.4981631153563555,0.13345632854605077,-1.8331070415233413,1.5201749607946704,1.5462526341887264,2.5939615123146194,-0.483203948183977,0.13345632854605077,-1.8331070415233413,1.5201749607946704,1.5462526341887264,2.5939615123146194,-0.483203948183977
20738.242555806,3904378998,78,78,1,0,8,33.100133998232195,-38,63,2.5988700564971765,-98.17880794701986,98.6870897155361,57.75467775467774,-0.41514041514041367,2.4981631153563555,0.13345632854605077,-1.8331070415233413,1.5201749607946704,1.5462526341887264,2.5939615123146194,-0.483203948183977,0.13345632854605077,-1.8331070415233413,1.5201749607946704,1.5462526341887264,2.5939615123146194,-0.483203948183977
20738.342487135,3904378998,81,81,1,0,7,33.08066499812412,-38,63,2.5988700564971765,-98.17880794701986,98.6870897155361,57.75467775467774,-0.41514041514041367,2.4981631153563555,0.13345632854605077,-1.8331070415233413,1.5201749607946704,1.5462526341887264,2.5939615123146194,-0.483203948183977,0.13345632854605077,-1.8331070415233413,1.5201749607946704,1.5462526341887264,2.5939615123146194,-0.483203948183977
20738.442488241,3904378998,84,84,1,0,8,33.05575299964403,-38,63,2.5988700564971765,-98.17880794701986,98.6870897155361,57.75467775467774,-0.41514041514041367,2.4981631153563555,0.13345632854605077,-1.8331070415233413,1.5201749607946704,1.5462526341887264,2.5939615123146194,-0.483203948183977,0.13345632854605077,-1.8331070415233413,1.5201749607946704,1.5462526341887264,2.5939615123146194,-0.483203948183977
20738.542499422,3904378998,87,85,1,0,26,99.75723000025027,-38,63,2.5988700564971765,-98.17880794701986,98.6870897155361,57.75467775467774,-0.41514041514041367,2.4981631153563555,0.13345632854605077,-1.8331070415233413,1.5201749607946704,1.5462526341887264,2.5939615123146194,-0.483203948183977,0.13345632854605077,-1.8331070415233413,1.5201749607946704,1.5462526341887264,2.5939615123146194,-0.483203948183977
20738.642407724,3904378998,90,90,1,0,8,32.91943700241973,-38,63,2.5988700564971765,-98.17880794701986,98.6870897155361,57.75467775467774,-0.41514041514041367,2.4981631153563555,0.13345632854605077,-1.8331070415233413,1.5201749607946704,1.5462526341887264,2.5939615123146194,-0.483203948183977,0.13345632854605077,-1.8331070415233413,1.5201749607946704,1.5462526341887264,2.5939615123146194,-0.483203948183977
20738.742457201,3904378998,93,93,1,0,8,32.985532998282,-38,63,2.5988700564971765,-98.17880794701986,98.6870897155361,57.75467775467774,-0.41514041514041367,2.4981631153563555,0.13345632854605077,-1.8331070415233413,1.5201749607946704,1.5462526341887264,2.5939615123146194,-0.483203948183977,0.13345632854605077,-1.8331070415233413,1.5201749607946704,1.5462526341887264,2.5939615123146194,-0.483203948183977
20738.842523327,3904378998,96,96,1,0,7,32.90103600011207,-38,63,2.5988700564971765,-98.17880794701986,98.6870897155361,57.75467775467774,-0.41514041514041367,2.4981631153563555,0.13345632854605077,-1.8331070415233413,1.5201749607946704,1.5462526341887264,2.5939615123146194,-0.483203948183977,0.13345632854605077,-1.8331070415233413,1.5201749607946704,1.5462526341887264,2.5939615123146194,-0.483203948183977
20738.942533204,3904378998,99,99,1,0,3,33.09572400030447,-38,63,2.5988700564971765,-98.17880794701986,98.6870897155361,57.75467775467774,-0.41514041514041367,2.4981631153563555,0.13345632854605077,-1.8331070415233413,1.5201749607946704,1.5462526341887264,2.5939615123146194,-0.483203948183977,0.13345632854605077,-1.8331070415233413,1.5201749607946704,1.5462526341887264,2.5939615123146194,-0.483203948183977
20739.042445738,3904378998,102,102,1,0,8,32.96342400062713,-39,63,2.5988700564971765,-98.17880794701986,98.6870897155361,57.75467775467774,-0.41514041514041367,2.4981631153563555,0.13345632854605077,-1.8331070415233413,1.5201749607946704,1.5462526341887264,2.5939615123146194,-0.483203948183977,0.13345632854605077,-1.8331070415233413,1.5201749607946704,1.5462526341887264,2.5939615123146194,-0.483203948183977
20739.142384932,3904378998,105,105,1,0,10,33.049315003154334,-39,63,2.5988700564971765,-98.17880794701986,98.6870897155361,57.75467775467774,-0.41514041514041367,2.4981631153563555,0.13345632854605077,-1.8331070415233413,1.5201749607946704,1.5462526341887264,2.5939615123146194,-0.483203948183977,0.13345632854605077,-1.8331070415233413,1.5201749607946704,1.5462526341887264,2.5939615123146194,-0.483203948183977
20739.242563081,3904378998,108,108,1,0,8,33.07333499833476,-39,63,2.5988700564971765,-98.17880794701986,98.6870897155361,57.75467775467774,-0.41514041514041367,2.4981631153563555,0.13345632854605077,-1.8331070415233413,1.5201749607946704,1.5462526341887264,2.5939615123146194,-0.483203948183977,0.13345632854605077,-1.8331070415233413,1.5201749607946704,1.5462526341887264,2.5939615123146194,-0.483203948183977
20739.342700667,3904378998,111,111,1,0,8,33.22746399862808,-39,63,2.5988700564971765,-98.17880794701986,98.6870897155361,57.75467775467774,-0.41514041514041367,2.4981631153563555,0.13345632854605077,-1.8331070415233413,1.5201749607946704,1.5462526341887264,2.5939615123146194,-0.483203948183977,0.13345632854605077,-1.8331070415233413,1.5201749607946704,1.5462526341887264,2.5939615123146194,-0.483203948183977
20739.442417785,3904378998,114,114,1,0,8,32.976095000776695,-39,63,2.5988700564971765,-98.17880794701986,98.6870897155361,57.75467775467774,-0.41514041514041367,2.4981631153563555,0.13345632854605077,-1.8331070415233413,1.5201749607946704,1.5462526341887264,2.5939615123146194,-0.483203948183977,0.13345632854605077,-1.8331070415233413,1.5201749607946704,1.5462526341887264,2.5939615123146194,-0.483203948183977
20739.542755434,3904378998,117,117,1,0,8,33.385143000487005,-39,63,2.5988700564971765,-98.17880794701986,98.6870897155361,57.75467775467774,-0.41514041514041367,2.4981631153563555,0.13345632854605077,-1.8331070415233413,1.5201749607946704,1.5462526341887264,2.5939615123146194,-0.483203948183977,0.13345632854605077,-1.8331070415233413,1.5201749607946704,1.5462526341887264,2.5939615123146194,-0.483203948183977
20739.642453983,3904378998,120,120,1,0,4,33.104414000263205,-39,63,2.5988700564971765,-98.17880794701986,98.6870897155361,57.75467775467774,-0.41514041514041367,2.4981631153563555,0.13345632854605077,-1.8331070415233413,1.5201749607946704,1.5462526341887264,2.5939615123146194,-0.483203948183977,0.13345632854605077,-1.8331070415233413,1.5201749607946704,1.5462526341887264,2.5939615123146194,-0.483203948183977
20739.742478718,3904378998,123,123,1,0,7,33.08884599755402,-39,63,2.5988700564971765,-98.17880794701986,98.6870897155361,57.75467775467774,-0.41514041514041367,2.4981631153563555,0.13345632854605077,-1.8331070415233413,1.5201749607946704,1.5462526341887264,2.5939615123146194,-0.483203948183977,0.13345632854605077,-1.8331070415233413,1.5201749607946704,1.5462526341887264,2.5939615123146194,-0.483203948183977
20739.842520861,3904378998,126,124,1,0,25,99.86173700235668,-39,63,2.5988700564971765,-98.17880794701986,98.6870897155361,57.75467775467774,-0.41514041514041367,2.4981631153563555,0.13345632854605077,-1.8331070415233413,1.5201749607946704,1.5462526341887264,2.5939615123146194,-0.483203948183977,0.13345632854605077,-1.8331070415233413,1.5201749607946704,1.5462526341887264,2.5939615123146194,-0.483203948183977
20739.942471461,3904378998,129,129,1,0,8,33.01748199737631,-39,63,2.5988700564971765,-98.17880794701986,98.6870897155361,57.75467775467774,-0.41514041514041367,2.4981631153563555,0.13345632854605077,-1.8331070415233413,1.5201749607946704,1.5462526341887264,2.5939615123146194,-0.483203948183977,0.13345632854605077,-1.8331070415233413,1.5201749607946704,1.5462526341887264,2.5939615123146194,-0.483203948183977
20740.042469811,3904378998,132,132,1,0,8,32.94416300195735,-39,63,2.5988700564971765,-98.17880794701986,98.6870897155361,57.75467775467774,-0.41514041514041367,2.4981631153563555,0.13345632854605077,-1.8331070415233413,1.5201749607946704,1.5462526341887264,2.5939615123146194,-0.483203948183977,0.13345632854605077,-1.8331070415233413,1.5201749607946704,1.5462526341887264,2.5939615123146194,-0.483203948183977
20740.14240867,3904378998,135,135,1,0,8,32.892406998144,-38,63,2.5988700564971765,-98.17880794701986,98.6870897155361,57.75467775467774,-0.41514041514041367,2.4981631153563555,0.13345632854605077,-1.8331070415233413,1.5201749607946704,1.5462526341887264,2.5939615123146194,-0.483203948183977,0.13345632854605077,-1.8331070415233413,1.5201749607946704,1.5462526341887264,2.5939615123146194,-0.483203948183977
20740.242393632,3904378998,138,138,1,0,4,32.98477499993169,-38,63,2.5988700564971765,-98.17880794701986,98.6870897155361,57.75467775467774,-0.41514041514041367,2.4981631153563555,0.13345632854605077,-1.8331070415233413,1.5201749607946704,1.5462526341887264,2.5939615123146194,-0.483203948183977,0.13345632854605077,-1.8331070415233413,1.5201749607946704,1.5462526341887264,2.5939615123146194,-0.483203948183977
20740.342447457,3904378998,141,141,1,0,8,33.00479800236644,-38,63,2.5988700564971765,-98.17880794701986,98.6870897155361,57.75467775467774,-0.41514041514041367,2.4981631153563555,0.13345632854605077,-1.8331070415233413,1.5201749607946704,1.5462526341887264,2.5939615123146194,-0.483203948183977,0.13345632854605077,-1.8331070415233413,1.5201749607946704,1.5462526341887264,2.5939615123146194,-0.483203948183977
20740.442440499,3904378998,144,144,1,0,8,32.98003799864091,-38,63,2.5988700564971765,-98.17880794701986,98.6870897155361,57.75467775467774,-0.41514041514041367,2.4981631153563555,0.13345632854605077,-1.8331070415233413,1.5201749607946704,1.5462526341887264,2.5939615123146194,-0.483203948183977,0.13345632854605077,-1.8331070415233413,1.5201749607946704,1.5462526341887264,2.5939615123146194,-0.483203948183977
20740.542576636,3904378998,147,147,1,0,8,33.173899002576945,-38,63,2.5988700564971765,-98.17880794701986,98.6870897155361,57.75467775467774,-0.41514041514041367,2.4981631153563555,0.13345632854605077,-1.8331070415233413,1.5201749607946704,1.5462526341887264,2.5939615123146194,-0.483203948183977,0.13345632854605077,-1.8331070415233413,1.5201749607946704,1.5462526341887264,2.5939615123146194,-0.483203948183977
20740.642476719,3904378998,150,150,1,0,4,33.08837399890763,-38,63,2.5988700564971765,-98.17880794701986,98.6870897155361,57.75467775467774,-0.41514041514041367,2.4981631153563555,0.13345632854605077,-1.8331070415233413,1.5201749607946704,1.5462526341887264,2.5939615123146194,-0.483203948183977,0.13345632854605077,-1.8331070415233413,1.5201749607946704,1.5462526341887264,2.5939615123146194,-0.483203948183977
20740.742452721,3904378998,153,153,1,0,10,33.13899500062689,-38,63,2.5988700564971765,-98.17880794701986,98.6870897155361,57.75467775467774,-0.41514041514041367,2.4981631153563555,0.13345632854605077,-1.8331070415233413,1.5201749607946704,1.5462526341887264,2.5939615123146194,-0.483203948183977,0.13345632854605077,-1.8331070415233413,1.5201749607946704,1.5462526341887264,2.5939615123146194,-0.483203948183977
20740.842422409,3904378998,156,156,1,0,8,32.95154299848946,-38,63,2.5988700564971765,-98.17880794701986,98.6870897155361,57.75467775467774,-0.41514041514041367,2.4981631153563555,0.13345632854605077,-1.8331070415233413,1.5201749607946704,1.5462526341887264,2.5939615123146194,-0.483203948183977,0.13345632854605077,-1.8331070415233413,1.5201749607946704,1.5462526341887264,2.5939615123146194,-0.483203948183977
20740.942444606,3904378998,159,159,1,0,8,33.145126999443164,-38,63,2.5988700564971765,-98.17880794701986,98.6870897155361,57.75467775467774,-0.41514041514041367,2.4981631153563555,0.13345632854605077,-1.8331070415233413,1.5201749607946704,1.5462526341887264,2.5939615123146194,-0.483203948183977,0.13345632854605077,-1.8331070415233413,1.5201749607946704,1.5462526341887264,2.5939615123146194,-0.483203948183977
20741.042396358,3904378998,162,162,1,0,8,33.14349799984484,-38,63,2.5988700564971765,-98.17880794701986,98.6870897155361,57.75467775467774,-0.41514041514041367,2.4981631153563555,0.13345632854605077,-1.8331070415233413,1.5201749607946704,1.5462526341887264,2.5939615123146194,-0.483203948183977,0.13345632854605077,-1.8331070415233413,1.5201749607946704,1.5462526341887264,2.5939615123146194,-0.483203948183977
20741.142381809,3904378998,165,164,1,0,40,66.57817000086652,-38,63,2.5988700564971765,-98.17880794701986,98.6870897155361,57.75467775467774,-0.41514041514041367,2.4981631153563555,0.13345632854605077,-1.8331070415233413,1.5201749607946704,1.5462526341887264,2.5939615123146194,-0.483203948183977,0.13345632854605077,-1.8331070415233413,1.5201749607946704,1.5462526341887264,2.5939615123146194,-0.483203948183977
20741.242551489,3904378998,168,168,1,0,8,33.155323999380926,-38,63,2.5988700564971765,-98.17880794701986,98.6870897155361,57.75467775467774,-0.41514041514041367,2.4981631153563555,0.13345632854605077,-1.8331070415233413,1.5201749607946704,1.5462526341887264,2.5939615123146194,-0.483203948183977,0.13345632854605077,-1.8331070415233413,1.5201749607946704,1.5462526341887264,2.5939615123146194,-0.483203948183977
20741.342685572,3904378998,171,171,1,0,7,33.081436002248665,-41,63,2.5988700564971765,-98.17880794701986,98.6870897155361,57.75467775467774,-0.41514041514041367,2.4981631153563555,0.13345632854605077,-1.8331070415233413,1.5201749607946704,1.5462526341887264,2.5939615123146194,-0.483203948183977,0.13345632854605077,-1.8331070415233413,1.5201749607946704,1.5462526341887264,2.5939615123146194,-0.483203948183977
20741.442397855,3904378998,174,174,1,0,8,32.90482299780706,-41,63,2.5988700564971765,-98.17880794701986,98.6870897155361,57.75467775467774,-0.41514041514041367,2.4981631153563555,0.13345632854605077,-1.8331070415233413,1.5201749607946704,1.5462526341887264,2.5939615123146194,-0.483203948183977,0.13345632854605077,-1.8331070415233413,1.5201749607946704,1.5462526341887264,2.5939615123146194,-0.483203948183977
20741.542378669,3904378998,177,177,1,0,8,32.95703999901889,-41,63,2.5988700564971765,-98.17880794701986,98.6870897155361,57.75467775467774,-0.41514041514041367,2.4981631153563555,0.13345632854605077,-1.8331070415233413,1.5201749607946704,1.5462526341887264,2.5939615123146194,-0.483203948183977,0.13345632854605077,-1.8331070415233413,1.5201749607946704,1.5462526341887264,2.5939615123146194,-0.483203948183977
20741.642417143,3904378998,180,180,1,0,8,33.035010997991776,-41,63,2.5988700564971765,-98.17880794701986,98.6870897155361,57.75467775467774,-0.41514041514041367,2.4981631153563555,0.13345632854605077,-1.8331070415233413,1.5201749607946704,1.5462526341887264,2.5939615123146194,-0.483203948183977,0.13345632854605077,-1.8331070415233413,1.5201749607946704,1.5462526341887264,2.5939615123146194,-0.483203948183977
20741.742470706,3904378998,183,183,1,0,4,33.046131997252814,-41,63,2.5988700564971765,-98.17880794701986,98.6870897155361,57.75467775467774,-0.41514041514041367,2.4981631153563555,0.13345632854605077,-1.8331070415233413,1.5201749607946704,1.5462526341887264,2.5939615123146194,-0.483203948183977,0.13345632854605077,-1.8331070415233413,1.5201749607946704,1.5462526341887264,2.5939615123146194,-0.483203948183977
20741.842408327,3904378998,186,186,1,0,8,33.09902900218731,-41,63,2.5988700564971765,-98.17880794701986,98.6870897155361,57.75467775467774,-0.41514041514041367,2.4981631153563555,0.13345632854605077,-1.8331070415233413,1.5201749607946704,1.5462526341887264,2.5939615123146194,-0.483203948183977,0.13345632854605077,-1.8331070415233413,1.5201749607946704,1.5462526341887264,2.5939615123146194,-0.483203948183977
20741.942547935,3904378998,189,189,1,0,8,33.16199999972014,-41,63,2.5988700564971765,-98.17880794701986,98.6870897155361,57.75467775467774,-0.41514041514041367,2.4981631153563555,0.13345632854605077,-1.8331070415233413,1.5201749607946704,1.5462526341887264,2.5939615123146194,-0.483203948183977,0.13345632854605077,-1.8331070415233413,1.5201749607946704,1.5462526341887264,2.5939615123146194,-0.483203948183977
20742.042486736,3904378998,192,192,1,0,8,33.0686160014011,-41,63,2.5988700564971765,-98.17880794701986,98.6870897155361,57.75467775467774,-0.41514041514041367,2.4981631153563555,0.13345632854605077,-1.8331070415233413,1.5201749607946704,1.5462526341887264,2.5939615123146194,-0.483203948183977,0.13345632854605077,-1.8331070415233413,1.5201749607946704,1.5462526341887264,2.5939615123146194,-0.483203948183977
20742.142529876,3904378998,195,195,1,0,9,33.16249099952984,-41,63,2.5988700564971765,-98.17880794701986,98.6870897155361,57.75467775467774,-0.41514041514041367,2.4981631153563555,0.13345632854605077,-1.8331070415233413,1.5201749607946704,1.5462526341887264,2.5939615123146194,-0.483203948183977,0.13345632854605077,-1.8331070415233413,1.5201749607946704,1.5462526341887264,2.5939615123146194,-0.483203948183977
20742.24237726,3904378998,198,198,1,0,8,32.958833002339816,-41,63,2.5988700564971765,-98.17880794701986,98.6870897155361,57.75467775467774,-0.41514041514041367,2.4981631153563555,0.13345632854605077,-1.8331070415233413,1.5201749607946704,1.5462526341887264,2.5939615123146194,-0.483203948183977,0.13345632854605077,-1.8331070415233413,1.5201749607946704,1.5462526341887264,2.5939615123146194,-0.483203948183977
20742.342493013,3904378998,201,201,1,0,8,33.05830300087109,-41,63,2.5988700564971765,-98.17880794701986,98.6870897155361,57.75467775467774,-0.41514041514041367,2.4981631153563555,0.13345632854605077,-1.8331070415233413,1.5201749607946704,1.5462526341887264,2.5939615123146194,-0.483203948183977,0.13345632854605077,-1.8331070415233413,1.5201749607946704,1.5462526341887264,2.5939615123146194,-0.483203948183977
20742.442642984,3904378998,204,203,1,0,42,66.7218340022373,-38,63,2.5988700564971765,-98.17880794701986,98.6870897155361,57.75467775467774,-0.41514041514041367,2.4981631153563555,0.13345632854605077,-1.8331070415233413,1.5201749607946704,1.5462526341887264,2.5939615123146194,-0.483203948183977,0.13345632854605077,-1.8331070415233413,1.5201749607946704,1.5462526341887264,2.5939615123146194,-0.483203948183977
20742.542505123,3904378998,207,207,1,0,8,32.992942000419134,-38,63,2.5988700564971765,-98.17880794701986,98.6870897155361,57.75467775467774,-0.41514041514041367,2.4981631153563555,0.13345632854605077,-1.8331070415233413,1.5201749607946704,1.5462526341887264,2.5939615123146194,-0.483203948183977,0.13345632854605077,-1.8331070415233413,1.5201749607946704,1.5462526341887264,2.5939615123146194,-0.483203948183977
20742.642451329,3904378998,210,210,1,0,8,33.04660199864884,-38,63,2.5988700564971765,-98.17880794701986,98.6870897155361,57.75467775467774,-0.41514041514041367,2.4981631153563555,0.13345632854605077,-1.8331070415233413,1.5201749607946704,1.5462526341887264,2.5939615123146194,-0.483203948183977,0.13345632854605077,-1.8331070415233413,1.5201749607946704,1.5462526341887264,2.5939615123146194,-0.483203948183977
20742.742442955,3904378998,213,213,1,0,8,33.08926400131895,-38,63,2.5988700564971765,-98.17880794701986,98.6870897155361,57.75467775467774,-0.41514041514041367,2.4981631153563555,0.13345632854605077,-1.8331070415233413,1.5201749607946704,1.5462526341887264,2.5939615123146194,-0.483203948183977,0.13345632854605077,-1.8331070415233413,1.5201749607946704,1.5462526341887264,2.5939615123146194,-0.483203948183977
20742.842433657,3904378998,216,216,1,0,8,33.107700997788925,-38,63,2.5988700564971765,-98.17880794701986,98.6870897155361,57.75467775467774,-0.41514041514041367,2.4981631153563555,0.13345632854605077,-1.8331070415233413,1.5201749607946704,1.5462526341887264,2.5939615123146194,-0.483203948183977,0.13345632854605077,-1.8331070415233413,1.5201749607946704,1.5462526341887264,2.5939615123146194,-0.483203948183977
20742.942454541,3904378998,219,219,1,0,9,33.05199799797265,-38,63,2.5988700564971765,-98.17880794701986,98.6870897155361,57.75467775467774,-0.41514041514041367,2.4981631153563555,0.13345632854605077,-1.8331070415233413,1.5201749607946704,1.5462526341887264,2.5939615123146194,-0.483203948183977,0.13345632854605077,-1.8331070415233413,1.5201749607946704,1.5462526341887264,2.5939615123146194,-0.483203948183977
20743.042471791,3904378998,222,222,1,0,7,33.015824999893084,-38,63,2.5988700564971765,-98.17880794701986,98.6870897155361,57.75467775467774,-0.41514041514041367,2.4981631153563555,0.13345632854605077,-1.8331070415233413,1.5201749607946704,1.5462526341887264,2.5939615123146194,-0.483203948183977,0.13345632854605077,-1.8331070415233413,1.5201749607946704,1.5462526341887264,2.5939615123146194,-0.483203948183977
20743.142467566,3904378998,225,225,1,0,7,33.09606800030451,-38,63,2.5988700564971765,-98.17880794701986,98.6870897155361,57.75467775467774,-0.41514041514041367,2.4981631153563555,0.13345632854605077,-1.8331070415233413,1.5201749607946704,1.5462526341887264,2.5939615123146194,-0.483203948183977,0.13345632854605077,-1.8331070415233413,1.5201749607946704,1.5462526341887264,2.5939615123146194,-0.483203948183977
20743.242402057,3904378998,228,228,1,0,3,32.968160001473734,-38,63,2.5988700564971765,-98.17880794701986,98.6870897155361,57.75467775467774,-0.41514041514041367,2.4981631153563555,0.13345632854605077,-1.8331070415233413,1.5201749607946704,1.5462526341887264,2.5939615123146194,-0.483203948183977,0.13345632854605077,-1.8331070415233413,1.5201749607946704,1.5462526341887264,2.5939615123146194,-0.483203948183977
20743.342429752,3904378998,231,231,1,0,8,33.00260299874935,-38,63,2.5988700564971765,-98.17880794701986,98.6870897155361,57.75467775467774,-0.41514041514041367,2.4981631153563555,0.13345632854605077,-1.8331070415233413,1.5201749607946704,1.5462526341887264,2.5939615123146194,-0.483203948183977,0.13345632854605077,-1.8331070415233413,1.5201749607946704,1.5462526341887264,2.5939615123146194,-0.483203948183977
20743.442649847,3904378998,234,234,1,0,8,33.21638000124949,-38,63,2.5988700564971765,-98.17880794701986,98.6870897155361,57.75467775467774,-0.41514041514041367,2.4981631153563555,0.13345632854605077,-1.8331070415233413,1.5201749607946704,1.5462526341887264,2.5939615123146194,-0.483203948183977,0.13345632854605077,-1.8331070415233413,1.5201749607946704,1.5462526341887264,2.5939615123146194,-0.483203948183977
20743.54262125,3904378998,237,237,1,0,4,33.14225899885059,-39,63,2.5988700564971765,-98.17880794701986,98.6870897155361,57.75467775467774,-0.41514041514041367,2.4981631153563555,0.13345632854605077,-1.8331070415233413,1.5201749607946704,1.5462526341887264,2.5939615123146194,-0.483203948183977,0.13345632854605077,-1.8331070415233413,1.5201749607946704,1.5462526341887264,2.5939615123146194,-0.483203948183977
20743.642539403,3904378998,240,240,1,0,10,33.10841499842354,-39,63,2.5988700564971765,-98.17880794701986,98.6870897155361,57.75467775467774,-0.41514041514041367,2.4981631153563555,0.13345632854605077,-1.8331070415233413,1.5201749607946704,1.5462526341887264,2.5939615123146194,-0.483203948183977,0.13345632854605077,-1.8331070415233413,1.5201749607946704,1.5462526341887264,2.5939615123146194,-0.483203948183977
20743.742450125,3904378998,243,243,1,0,8,33.07691399822943,-39,63,2.5988700564971765,-98.17880794701986,98.6870897155361,57.75467775467774,-0.41514041514041367,2.4981631153563555,0.13345632854605077,-1.8331070415233413,1.5201749607946704,1.5462526341887264,2.5939615123146194,-0.483203948183977,0.13345632854605077,-1.8331070415233413,1.5201749607946704,1.5462526341887264,2.5939615123146194,-0.483203948183977
20743.842544856,3904378998,246,246,1,0,8,31.59430199957569,-39,63,2.5988700564971765,-98.17880794701986,98.6870897155361,57.75467775467774,-0.41514041514041367,2.4981631153563555,0.13345632854605077,-1.8331070415233413,1.5201749607946704,1.5462526341887264,2.5939615123146194,-0.483203948183977,0.13345632854605077,-1.8331070415233413,1.5201749607946704,1.5462526341887264,2.5939615123146194,-0.483203948183977
20743.942506948,3904378998,249,249,1,0,4,31.728380999993533,-39,63,2.5988700564971765,-98.17880794701986,98.6870897155361,57.75467775467774,-0.41514041514041367,2.4981631153563555,0.13345632854605077,-1.8331070415233413,1.5201749607946704,1.5462526341887264,2.5939615123146194,-0.483203948183977,0.13345632854605077,-1.8331070415233413,1.5201749607946704,1.5462526341887264,2.5939615123146194,-0.483203948183977
20744.042475497,3904378998,252,252,1,0,4,31.583480998961022,-39,63,2.5988700564971765,-98.17880794701986,98.6870897155361,57.75467775467774,-0.41514041514041367,2.4981631153563555,0.13345632854605077,-1.8331070415233413,1.5201749607946704,1.5462526341887264,2.5939615123146194,-0.483203948183977,0.13345632854605077,-1.8331070415233413,1.5201749607946704,1.5462526341887264,2.5939615123146194,-0.483203948183977
20744.142617328,3904378998,255,255,1,0,8,31.837487000302644,-39,63,2.5988700564971765,-98.17880794701986,98.6870897155361,57.75467775467774,-0.41514041514041367,2.4981631153563555,0.13345632854605077,-1.8331070415233413,1.5201749607946704,1.5462526341887264,2.5939615123146194,-0.483203948183977,0.13345632854605077,-1.8331070415233413,1.5201749607946704,1.5462526341887264,2.5939615123146194,-0.483203948183977
20744.242617782,3904378998,258,258,1,0,3,31.668334999267245,-39,63,2.5988700564971765,-98.17880794701986,98.6870897155361,57.75467775467774,-0.41514041514041367,2.4981631153563555,0.13345632854605077,-1.8331070415233413,1.5201749607946704,1.5462526341887264,2.5939615123146194,-0.483203948183977,0.13345632854605077,-1.8331070415233413,1.5201749607946704,1.5462526341887264,2.5939615123146194,-0.483203948183977
20744.342583988,3904378998,261,261,1,0,8,31.710862000181805,-39,63,2.5988700564971765,-98.17880794701986,98.6870897155361,57.75467775467774,-0.41514041514041367,2.4981631153563555,0.13345632854605077,-1.8331070415233413,1.5201749607946704,1.5462526341887264,2.5939615123146194,-0.483203948183977,0.13345632854605077,-1.8331070415233413,1.5201749607946704,1.5462526341887264,2.5939615123146194,-0.483203948183977
20744.442670073,3904378998,264,264,1,0,4,31.629719996999484,-39,63,2.5988700564971765,-98.17880794701986,98.6870897155361,57.75467775467774,-0.41514041514041367,2.4981631153563555,0.13345632854605077,-1.8331070415233413,1.5201749607946704,1.5462526341887264,2.5939615123146194,-0.483203948183977,0.13345632854605077,-1.8331070415233413,1.5201749607946704,1.5462526341887264,2.5939615123146194,-0.483203948183977
20744.542769869,3904378998,267,266,1,0,40,65.24491800155374,-39,63,2.5988700564971765,-98.17880794701986,98.6870897155361,57.75467775467774,-0.41514041514041367,2.4981631153563555,0.13345632854605077,-1.8331070415233413,1.5201749607946704,1.5462526341887264,2.5939615123146194,-0.483203948183977,0.13345632854605077,-1.8331070415233413,1.5201749607946704,1.5462526341887264,2.5939615123146194,-0.483203948183977
20744.642464575,3904378998,270,270,1,0,8,31.733207000797847,-40,63,2.5988700564971765,-98.17880794701986,98.6870897155361,57.75467775467774,-0.41514041514041367,2.4981631153563555,0.13345632854605077,-1.8331070415233413,1.5201749607946704,1.5462526341887264,2.5939615123146194,-0.483203948183977,0.13345632854605077,-1.8331070415233413,1.5201749607946704,1.5462526341887264,2.5939615123146194,-0.483203948183977
20744.742613773,3904378998,273,272,1,0,36,65.4624650014739,-40,63,2.5988700564971765,-98.17880794701986,98.6870897155361,57.75467775467774,-0.41514041514041367,2.4981631153563555,0.13345632854605077,-1.8331070415233413,1.5201749607946704,1.5462526341887264,2.5939615123146194,-0.483203948183977,0.13345632854605077,-1.8331070415233413,1.5201749607946704,1.5462526341887264,2.5939615123146194,-0.483203948183977
20744.842507743,3904378998,276,276,1,0,4,31.688655999460025,-40,63,2.5988700564971765,-98.17880794701986,98.6870897155361,57.75467775467774,-0.41514041514041367,2.4981631153563555,0.13345632854605077,-1.8331070415233413,1.5201749607946704,1.5462526341887264,2.5939615123146194,-0.483203948183977,0.13345632854605077,-1.8331070415233413,1.5201749607946704,1.5462526341887264,2.5939615123146194,-0.483203948183977
20744.942803392,3904378998,279,279,1,0,3,31.43949700097437,-40,63,2.5988700564971765,-98.17880794701986,98.6870897155361,57.75467775467774,-0.41514041514041367,2.4981631153563555,0.13345632854605077,-1.8331070415233413,1.5201749607946704,1.5462526341887264,2.5939615123146194,-0.483203948183977,0.13345632854605077,-1.8331070415233413,1.5201749607946704,1.5462526341887264,2.5939615123146194,-0.483203948183977
20745.042679193,3904378998,282,282,1,0,8,31.55803399931756,-40,63,2.5988700564971765,-98.17880794701986,98.6870897155361,57.75467775467774,-0.41514041514041367,2.4981631153563555,0.13345632854605077,-1.8331070415233413,1.5201749607946704,1.5462526341887264,2.5939615123146194,-0.483203948183977,0.13345632854605077,-1.8331070415233413,1.5201749607946704,1.5462526341887264,2.5939615123146194,-0.483203948183977
20745.14249119,3904378998,285,285,1,0,4,31.475910000153817,-40,63,2.5988700564971765,-98.17880794701986,98.6870897155361,57.75467775467774,-0.41514041514041367,2.4981631153563555,0.13345632854605077,-1.8331070415233413,1.5201749607946704,1.5462526341887264,2.5939615123146194,-0.483203948183977,0.13345632854605077,-1.8331070415233413,1.5201749607946704,1.5462526341887264,2.5939615123146194,-0.483203948183977
20745.242728331,3904378998,288,288,1,0,4,31.387300001370022,-40,63,2.5988700564971765,-98.17880794701986,98.6870897155361,57.75467775467774,-0.41514041514041367,2.4981631153563555,0.13345632854605077,-1.8331070415233413,1.5201749607946704,1.5462526341887264,2.5939615123146194,-0.483203948183977,0.13345632854605077,-1.8331070415233413,1.5201749607946704,1.5462526341887264,2.5939615123146194,-0.483203948183977
20745.342802897,3904378998,291,291,1,0,4,31.812408997211605,-40,63,2.5988700564971765,-98.17880794701986,98.6870897155361,57.75467775467774,-0.41514041514041367,2.4981631153563555,0.13345632854605077,-1.8331070415233413,1.5201749607946704,1.5462526341887264,2.5939615123146194,-0.483203948183977,0.13345632854605077,-1.8331070415233413,1.5201749607946704,1.5462526341887264,2.5939615123146194,-0.483203948183977
20745.442745614,3904378998,294,294,1,0,4,31.493561997194774,-40,63,2.5988700564971765,-98.17880794701986,98.6870897155361,57.75467775467774,-0.41514041514041367,2.4981631153563555,0.13345632854605077,-1.8331070415233413,1.5201749607946704,1.5462526341887264,2.5939615123146194,-0.483203948183977,0.13345632854605077,-1.8331070415233413,1.5201749607946704,1.5462526341887264,2.5939615123146194,-0.483203948183977
20745.542823683,3904378998,297,297,1,0,4,31.619905999832554,-40,63,2.5988700564971765,-98.17880794701986,98.6870897155361,57.75467775467774,-0.41514041514041367,2.4981631153563555,0.13345632854605077,-1.8331070415233413,1.5201749607946704,1.5462526341887264,2.5939615123146194,-0.483203948183977,0.13345632854605077,-1.8331070415233413,1.5201749607946704,1.5462526341887264,2.5939615123146194,-0.483203948183977
20745.642537196,3904378998,300,300,1,0,4,31.60068099896307,-40,63,2.5988700564971765,-98.17880794701986,98.6870897155361,57.75467775467774,-0.41514041514041367,2.4981631153563555,0.13345632854605077,-1.8331070415233413,1.5201749607946704,1.5462526341887264,2.5939615123146194,-0.483203948183977,0.13345632854605077,-1.8331070415233413,1.5201749607946704,1.5462526341887264,2.5939615123146194,-0.483203948183977
20745.742525004,3904378998,303,303,1,0,8,31.67976399709005,-40,63,2.5988700564971765,-98.17880794701986,98.6870897155361,57.75467775467774,-0.41514041514041367,2.4981631153563555,0.13345632854605077,-1.8331070415233413,1.5201749607946704,1.5462526341887264,2.5939615123146194,-0.483203948183977,0.13345632854605077,-1.8331070415233413,1.5201749607946704,1.5462526341887264,2.5939615123146194,-0.483203948183977
20745.842519038,3904378998,306,306,1,0,8,31.228793999616755,-40,63,2.5988700564971765,-98.17880794701986,98.6870897155361,57.75467775467774,-0.41514041514041367,2.4981631153563555,0.13345632854605077,-1.8331070415233413,1.5201749607946704,1.5462526341887264,2.5939615123146194,-0.483203948183977,0.13345632854605077,-1.8331070415233413,1.5201749607946704,1.5462526341887264,2.5939615123146194,-0.483203948183977
20745.942509805,3904378998,309,309,1,0,4,31.56587400007993,-40,63,2.5988700564971765,-98.17880794701986,98.6870897155361,57.75467775467774,-0.41514041514041367,2.4981631153563555,0.13345632854605077,-1.8331070415233413,1.5201749607946704,1.5462526341887264,2.5939615123146194,-0.483203948183977,0.13345632854605077,-1.8331070415233413,1.5201749607946704,1.5462526341887264,2.5939615123146194,-0.483203948183977
20746.042681713,3904378998,312,312,1,0,8,31.54416899997159,-40,63,2.5988700564971765,-98.17880794701986,98.6870897155361,57.75467775467774,-0.41514041514041367,2.4981631153563555,0.13345632854605077,-1.8331070415233413,1.5201749607946704,1.5462526341887264,2.5939615123146194,-0.483203948183977,0.13345632854605077,-1.8331070415233413,1.5201749607946704,1.5462526341887264,2.5939615123146194,-0.483203948183977
20746.142737835,3904378998,315,315,1,0,8,31.640592002077028,-40,63,2.5988700564971765,-98.17880794701986,98.6870897155361,57.75467775467774,-0.41514041514041367,2.4981631153563555,0.13345632854605077,-1.8331070415233413,1.5201749607946704,1.5462526341887264,2.5939615123146194,-0.483203948183977,0.13345632854605077,-1.8331070415233413,1.5201749607946704,1.5462526341887264,2.5939615123146194,-0.483203948183977
20746.242686919,3904378998,318,318,1,0,4,31.659085001592757,-40,63,2.5988700564971765,-98.17880794701986,98.6870897155361,57.75467775467774,-0.41514041514041367,2.4981631153563555,0.13345632854605077,-1.8331070415233413,1.5201749607946704,1.5462526341887264,2.5939615123146194,-0.483203948183977,0.13345632854605077,-1.8331070415233413,1.5201749607946704,1.5462526341887264,2.5939615123146194,-0.483203948183977
20746.409493289,3904378998,323,322,1,0,22,64.9645480007166,-40,63,2.5988700564971765,-98.17880794701986,98.6870897155361,57.75467775467774,-0.41514041514041367,2.4981631153563555,0.13345632854605077,-1.8331070415233413,1.5201749607946704,1.5462526341887264,2.5939615123146194,-0.483203948183977,0.13345632854605077,-1.8331070415233413,1.5201749607946704,1.5462526341887264,2.5939615123146194,-0.483203948183977
20746.509460267,3904378998,326,325,1,0,17,65.06862199967145,-40,63,2.5988700564971765,-98.17880794701986,98.6870897155361,57.75467775467774,-0.41514041514041367,2.4981631153563555,0.13345632854605077,-1.8331070415233413,1.5201749607946704,1.5462526341887264,2.5939615123146194,-0.483203948183977,0.13345632854605077,-1.8331070415233413,1.5201749607946704,1.5462526341887264,2.5939615123146194,-0.483203948183977
20746.609284114,3904378998,329,328,1,0,21,64.86712799960515,-40,63,2.5988700564971765,-98.17880794701986,98.6870897155361,57.75467775467774,-0.41514041514041367,2.4981631153563555,0.13345632854605077,-1.8331070415233413,1.5201749607946704,1.5462526341887264,2.5939615123146194,-0.483203948183977,0.13345632854605077,-1.8331070415233413,1.5201749607946704,1.5462526341887264,2.5939615123146194,-0.483203948183977
20746.709379906,3904378998,332,331,1,0,22,64.83758099784609,-40,63,2.5988700564971765,-98.17880794701986,98.6870897155361,57.75467775467774,-0.41514041514041367,2.4981631153563555,0.13345632854605077,-1.8331070415233413,1.5201749607946704,1.5462526341887264,2.5939615123146194,-0.483203948183977,0.13345632854605077,-1.8331070415233413,1.5201749607946704,1.5462526341887264,2.5939615123146194,-0.483203948183977
20746.809266349,3904378998,335,334,1,0,22,64.95281900060945,-40,63,2.5988700564971765,-98.17880794701986,98.6870897155361,57.75467775467774,-0.41514041514041367,2.4981631153563555,0.13345632854605077,-1.8331070415233413,1.5201749607946704,1.5462526341887264,2.5939615123146194,-0.483203948183977,0.13345632854605077,-1.8331070415233413,1.5201749607946704,1.5462526341887264,2.5939615123146194,-0.483203948183977
20746.909345403,3904378998,338,337,1,0,22,65.18728300216026,-40,63,2.5988700564971765,-98.17880794701986,98.6870897155361,57.75467775467774,-0.41514041514041367,2.4981631153563555,0.13345632854605077,-1.8331070415233413,1.5201749607946704,1.5462526341887264,2.5939615123146194,-0.483203948183977,0.13345632854605077,-1.8331070415233413,1.5201749607946704,1.5462526341887264,2.5939615123146194,-0.483203948183977
20747.009305607,3904378998,341,340,1,0,21,64.80121200002031,-40,63,2.5988700564971765,-98.17880794701986,98.6870897155361,57.75467775467774,-0.41514041514041367,2.4981631153563555,0.13345632854605077,-1.8331070415233413,1.5201749607946704,1.5462526341887264,2.5939615123146194,-0.483203948183977,0.13345632854605077,-1.8331070415233413,1.5201749607946704,1.5462526341887264,2.5939615123146194,-0.483203948183977
20747.109370534,3904378998,344,343,1,0,21,65.04341699837823,-40,63,2.5988700564971765,-98.17880794701986,98.6870897155361,57.75467775467774,-0.41514041514041367,2.4981631153563555,0.13345632854605077,-1.8331070415233413,1.5201749607946704,1.5462526341887264,2.5939615123146194,-0.483203948183977,0.13345632854605077,-1.8331070415233413,1.5201749607946704,1.5462526341887264,2.5939615123146194,-0.483203948183977
20747.209410614,3904378998,347,346,1,0,22,65.05846299842233,-40,63,2.5988700564971765,-98.17880794701986,98.6870897155361,57.75467775467774,-0.41514041514041367,2.4981631153563555,0.13345632854605077,-1.8331070415233413,1.5201749607946704,1.5462526341887264,2.5939615123146194,-0.483203948183977,0.13345632854605077,-1.8331070415233413,1.5201749607946704,1.5462526341887264,2.5939615123146194,-0.483203948183977
20747.309465277,3904378998,350,349,1,0,21,65.20433300102013,-40,63,2.5988700564971765,-98.17880794701986,98.6870897155361,57.75467775467774,-0.41514041514041367,2.4981631153563555,0.13345632854605077,-1.8331070415233413,1.5201749607946704,1.5462526341887264,2.5939615123146194,-0.483203948183977,0.13345632854605077,-1.8331070415233413,1.5201749607946704,1.5462526341887264,2.5939615123146194,-0.483203948183977
20747.409457528,3904378998,353,352,1,0,25,64.93030199999339,-40,63,2.5988700564971765,-98.17880794701986,98.6870897155361,57.75467775467774,-0.41514041514041367,2.4981631153563555,0.13345632854605077,-1.8331070415233413,1.5201749607946704,1.5462526341887264,2.5939615123146194,-0.483203948183977,0.13345632854605077,-1.8331070415233413,1.5201749607946704,1.5462526341887264,2.5939615123146194,-0.483203948183977
20747.509409438,3904378998,356,355,1,0,22,64.9821350016282,-40,63,2.5988700564971765,-98.17880794701986,98.6870897155361,57.75467775467774,-0.41514041514041367,2.4981631153563555,0.13345632854605077,-1.8331070415233413,1.5201749607946704,1.5462526341887264,2.5939615123146194,-0.483203948183977,0.13345632854605077,-1.8331070415233413,1.5201749607946704,1.5462526341887264,2.5939615123146194,-0.483203948183977
20747.609281783,3904378998,359,358,1,0,22,64.84834499860881,-40,63,2.5988700564971765,-98.17880794701986,98.6870897155361,57.75467775467774,-0.41514041514041367,2.4981631153563555,0.13345632854605077,-1.8331070415233413,1.5201749607946704,1.5462526341887264,2.5939615123146194,-0.483203948183977,0.13345632854605077,-1.8331070415233413,1.5201749607946704,1.5462526341887264,2.5939615123146194,-0.483203948183977
20747.709364606,3904378998,362,360,1,0,8,98.49098899940145,-40,63,2.5988700564971765,-98.17880794701986,98.6870897155361,57.75467775467774,-0.41514041514041367,2.4981631153563555,0.13345632854605077,-1.8331070415233413,1.5201749607946704,1.5462526341887264,2.5939615123146194,-0.483203948183977,0.13345632854605077,-1.8331070415233413,1.5201749607946704,1.5462526341887264,2.5939615123146194,-0.483203948183977
20750.937969032,3904378998,377,360,2,0,3307,98.49098899940145,-40,63,2.5988700564971765,-98.17880794701986,98.6870897155361,57.75467775467774,-0.41514041514041367,2.4981631153563555,0.13345632854605077,-1.8331070415233413,1.5201749607946704,1.5462526341887264,2.5939615123146194,-0.483203948183977,0.13345632854605077,-1.8331070415233413,1.5201749607946704,1.5462526341887264,2.5939615123146194,-0.483203948183977
20750.987525498,3904378998,1,377,1,0,28,,-38,63,2.5988700564971765,-98.17880794701986,98.6870897155361,57.75467775467774,-0.41514041514041367,2.4981631153563555,0.13345632854605077,-1.8331070415233413,1.5201749607946704,1.5462526341887264,2.5939615123146194,-0.483203948183977,0.13345632854605077,-1.8331070415233413,1.5201749607946704,1.5462526341887264,2.5939615123146194,-0.483203948183977
20751.148968607,2734175475,3,2,1,0,46,80.90723599889316,-38,63,2.5988700564971765,-98.17880794701986,98.6870897155361,57.75467775467774,-0.41514041514041367,2.4981631153563555,0.13345632854605077,-1.8331070415233413,1.5201749607946704,1.5462526341887264,2.5939615123146194,-0.483203948183977,0.13345632854605077,-1.8331070415233413,1.5201749607946704,1.5462526341887264,2.5939615123146194,-0.483203948183977
20751.250933846,2734175475,6,5,1,0,27,65.1735829997051,-38,63,2.5988700564971765,-98.17880794701986,98.6870897155361,57.75467775467774,-0.41514041514041367,2.4981631153563555,0.13345632854605077,-1.8331070415233413,1.5201749607946704,1.5462526341887264,2.5939615123146194,-0.483203948183977,0.13345632854605077,-1.8331070415233413,1.5201749607946704,1.5462526341887264,2.5939615123146194,-0.483203948183977
20751.350858266,2734175475,9,8,1,0,28,65.05180099702557,-38,63,2.5988700564971765,-98.17880794701986,98.6870897155361,57.75467775467774,-0.41514041514041367,2.4981631153563555,0.13345632854605077,-1.8331070415233413,1.5201749607946704,1.5462526341887264,2.5939615123146194,-0.483203948183977,0.13345632854605077,-1.8331070415233413,1.5201749607946704,1.5462526341887264,2.5939615123146194,-0.483203948183977
20751.450944043,2734175475,12,11,1,0,32,65.00918600067962,-38,63,2.5988700564971765,-98.17880794701986,98.6870897155361,57.75467775467774,-0.41514041514041367,2.4981631153563555,0.13345632854605077,-1.8331070415233413,1.5201749607946704,1.5462526341887264,2.5939615123146194,-0.483203948183977,0.13345632854605077,-1.8331070415233413,1.5201749607946704,1.5462526341887264,2.5939615123146194,-0.483203948183977
20751.550934899,2734175475,15,14,1,0,28,65.1204690002487,-38,63,2.5988700564971765,-98.17880794701986,98.6870897155361,57.75467775467774,-0.41514041514041367,2.4981631153563555,0.13345632854605077,-1.8331070415233413,1.5201749607946704,1.5462526341887264,2.5939615123146194,-0.483203948183977,0.13345632854605077,-1.8331070415233413,1.5201749607946704,1.5462526341887264,2.5939615123146194,-0.483203948183977
20751.650940477,2734175475,18,17,1,0,29,65.2245450000919,-38,63,2.5988700564971765,-98.17880794701986,98.6870897155361,57.75467775467774,-0.41514041514041367,2.4981631153563555,0.13345632854605077,-1.8331070415233413,1.5201749607946704,1.5462526341887264,2.5939615123146194,-0.483203948183977,0.13345632854605077,-1.8331070415233413,1.5201749607946704,1.5462526341887264,2.5939615123146194,-0.483203948183977
20751.750884695,2734175475,21,20,1,0,32,65.05759800347732,-38,63,2.5988700564971765,-98.17880794701986,98.6870897155361,57.75467775467774,-0.41514041514041367,2.4981631153563555,0.13345632854605077,-1.8331070415233413,1.5201749607946704,1.5462526341887264,2.5939615123146194,-0.483203948183977,0.13345632854605077,-1.8331070415233413,1.5201749607946704,1.5462526341887264,2.5939615123146194,-0.483203948183977
20751.850961554,2734175475,24,23,1,0,30,65.17338800040307,-38,63,2.5988700564971765,-98.17880794701986,98.6870897155361,57.75467775467774,-0.41514041514041367,2.4981631153563555,0.13345632854605077,-1.8331070415233413,1.5201749607946704,1.5462526341887264,2.5939615123146194,-0.483203948183977,0.13345632854605077,-1.8331070415233413,1.5201749607946704,1.5462526341887264,2.5939615123146194,-0.483203948183977
20751.950792923,2734175475,27,26,1,0,30,65.14111599972239,-38,63,2.5988700564971765,-98.17880794701986,98.6870897155361,57.75467775467774,-0.41514041514041367,2.4981631153563555,0.13345632854605077,-1.8331070415233413,1.5201749607946704,1.5462526341887264,2.5939615123146194,-0.483203948183977,0.13345632854605077,-1.8331070415233413,1.5201749607946704,1.5462526341887264,2.5939615123146194,-0.483203948183977
20752.050942875,2734175475,30,29,1,0,31,65.2925239992328,-38,63,2.5988700564971765,-98.17880794701986,98.6870897155361,57.75467775467774,-0.41514041514041367,2.4981631153563555,0.13345632854605077,-1.8331070415233413,1.5201749607946704,1.5462526341887264,2.5939615123146194,-0.483203948183977,0.13345632854605077,-1.8331070415233413,1.5201749607946704,1.5462526341887264,2.5939615123146194,-0.483203948183977
20752.151050462,2734175475,33,32,1,0,31,65.2137249999214,-37,63,2.5988700564971765,-98.17880794701986,98.6870897155361,57.75467775467774,-0.41514041514041367,2.4981631153563555,0.13345632854605077,-1.8331070415233413,1.5201749607946704,1.5462526341887264,2.5939615123146194,-0.483203948183977,0.13345632854605077,-1.8331070415233413,1.5201749607946704,1.5462526341887264,2.5939615123146194,-0.483203948183977
20752.250958156,2734175475,36,35,1,0,31,64.998158999515,-37,63,2.5988700564971765,-98.17880794701986,98.6870897155361,57.75467775467774,-0.41514041514041367,2.4981631153563555,0.13345632854605077,-1.8331070415233413,1.5201749607946704,1.5462526341887264,2.5939615123146194,-0.483203948183977,0.13345632854605077,-1.8331070415233413,1.5201749607946704,1.5462526341887264,2.5939615123146194,-0.483203948183977
20752.350877174,2734175475,39,38,1,0,31,64.96494300154154,-37,63,2.5988700564971765,-98.17880794701986,98.6870897155361,57.75467775467774,-0.41514041514041367,2.4981631153563555,0.13345632854605077,-1.8331070415233413,1.5201749607946704,1.5462526341887264,2.5939615123146194,-0.483203948183977,0.13345632854605077,-1.8331070415233413,1.5201749607946704,1.5462526341887264,2.5939615123146194,-0.483203948183977
20752.450787676,2734175475,42,41,1,0,32,64.91464499777067,-37,63,2.5988700564971765,-98.17880794701986,98.6870897155361,57.75467775467774,-0.41514041514041367,2.4981631153563555,0.13345632854605077,-1.8331070415233413,1.5201749607946704,1.5462526341887264,2.5939615123146194,-0.483203948183977,0.13345632854605077,-1.8331070415233413,1.5201749607946704,1.5462526341887264,2.5939615123146194,-0.483203948183977
20752.550911433,2734175475,45,44,1,0,32,65.2128929978062,-37,63,2.5988700564971765,-98.17880794701986,98.6870897155361,57.75467775467774,-0.41514041514041367,2.4981631153563555,0.13345632854605077,-1.8331070415233413,1.5201749607946704,1.5462526341887264,2.5939615123146194,-0.483203948183977,0.13345632854605077,-1.8331070415233413,1.5201749607946704,1.5462526341887264,2.5939615123146194,-0.483203948183977
20752.650852042,2734175475,48,47,1,0,32,65.17809599972679,-37,63,2.5988700564971765,-98.17880794701986,98.6870897155361,57.75467775467774,-0.41514041514041367,2.4981631153563555,0.13345632854605077,-1.8331070415233413,1.5201749607946704,1.5462526341887264,2.5939615123146194,-0.483203948183977,0.13345632854605077,-1.8331070415233413,1.5201749607946704,1.5462526341887264,2.5939615123146194,-0.483203948183977
20752.750883557,2734175475,51,50,1,0,32,65.3247949994693,-37,63,2.5988700564971765,-98.17880794701986,98.6870897155361,57.75467775467774,-0.41514041514041367,2.4981631153563555,0.13345632854605077,-1.8331070415233413,1.5201749607946704,1.5462526341887264,2.5939615123146194,-0.483203948183977,0.13345632854605077,-1.8331070415233413,1.5201749607946704,1.5462526341887264,2.5939615123146194,-0.483203948183977
20752.850839104,2734175475,54,53,1,0,32,65.15133999710088,-37,63,2.5988700564971765,-98.17880794701986,98.6870897155361,57.75467775467774,-0.41514041514041367,2.4981631153563555,0.13345632854605077,-1.8331070415233413,1.5201749607946704,1.5462526341887264,2.5939615123146194,-0.483203948183977,0.13345632854605077,-1.8331070415233413,1.5201749607946704,1.5462526341887264,2.5939615123146194,-0.483203948183977
20752.95074059,2734175475,57,56,1,0,33,65.1217220001854,-37,63,2.5988700564971765,-98.17880794701986,98.6870897155361,57.75467775467774,-0.41514041514041367,2.4981631153563555,0.13345632854605077,-1.8331070415233413,1.5201749607946704,1.5462526341887264,2.5939615123146194,-0.483203948183977,0.13345632854605077,-1.8331070415233413,1.5201749607946704,1.5462526341887264,2.5939615123146194,-0.483203948183977
20753.050860929,2734175475,60,59,1,0,31,65.28250300107175,-37,63,2.5988700564971765,-98.17880794701986,98.6870897155361,57.75467775467774,-0.41514041514041367,2.4981631153563555,0.13345632854605077,-1.8331070415233413,1.5201749607946704,1.5462526341887264,2.5939615123146194,-0.483203948183977,0.13345632854605077,-1.8331070415233413,1.5201749607946704,1.5462526341887264,2.5939615123146194,-0.483203948183977
20753.150935128,2734175475,63,62,1,0,31,65.22318900169921,-37,63,2.5988700564971765,-98.17880794701986,98.6870897155361,57.75467775467774,-0.41514041514041367,2.4981631153563555,0.13345632854605077,-1.8331070415233413,1.5201749607946704,1.5462526341887264,2.5939615123146194,-0.483203948183977,0.13345632854605077,-1.8331070415233413,1.5201749607946704,1.5462526341887264,2.5939615123146194,-0.483203948183977
20753.250884671,2734175475,66,65,1,0,32,65.0524749980832,-36,63,2.5988700564971765,-98.17880794701986,98.6870897155361,57.75467775467774,-0.41514041514041367,2.4981631153563555,0.13345632854605077,-1.8331070415233413,1.5201749607946704,1.5462526341887264,2.5939615123146194,-0.483203948183977,0.13345632854605077,-1.8331070415233413,1.5201749607946704,1.5462526341887264,2.5939615123146194,-0.483203948183977
20753.350868199,2734175475,69,68,1,0,32,65.40209599916125,-36,63,2.5988700564971765,-98.17880794701986,98.6870897155361,57.75467775467774,-0.41514041514041367,2.4981631153563555,0.13345632854605077,-1.8331070415233413,1.5201749607946704,1.5462526341887264,2.5939615123146194,-0.483203948183977,0.13345632854605077,-1.8331070415233413,1.5201749607946704,1.5462526341887264,2.5939615123146194,-0.483203948183977
20753.450986934,2734175475,72,71,1,0,32,65.25651800257037,-36,63,2.5988700564971765,-98.17880794701986,98.6870897155361,57.75467775467774,-0.41514041514041367,2.4981631153563555,0.13345632854605077,-1.8331070415233413,1.5201749607946704,1.5462526341887264,2.5939615123146194,-0.483203948183977,0.13345632854605077,-1.8331070415233413,1.5201749607946704,1.5462526341887264,2.5939615123146194,-0.483203948183977
20753.551089807,2734175475,75,74,1,0,32,65.32058000084362,-36,63,2.5988700564971765,-98.17880794701986,98.6870897155361,57.75467775467774,-0.41514041514041367,2.4981631153563555,0.13345632854605077,-1.8331070415233413,1.5201749607946704,1.5462526341887264,2.5939615123146194,-0.483203948183977,0.13345632854605077,-1.8331070415233413,1.5201749607946704,1.5462526341887264,2.5939615123146194,-0.483203948183977
20753.650799003,2734175475,78,77,1,0,32,65.25995499760029,-36,63,2.5988700564971765,-98.17880794701986,98.6870897155361,57.75467775467774,-0.41514041514041367,2.4981631153563555,0.13345632854605077,-1.8331070415233413,1.5201749607946704,1.5462526341887264,2.5939615123146194,-0.483203948183977,0.13345632854605077,-1.8331070415233413,1.5201749607946704,1.5462526341887264,2.5939615123146194,-0.483203948183977
20753.750812011,2734175475,81,80,1,0,32,65.2292929989926,-36,63,2.5988700564971765,-98.17880794701986,98.6870897155361,57.75467775467774,-0.41514041514041367,2.4981631153563555,0.13345632854605077,-1.8331070415233413,1.5201749607946704,1.5462526341887264,2.5939615123146194,-0.483203948183977,0.13345632854605077,-1.8331070415233413,1.5201749607946704,1.5462526341887264,2.5939615123146194,-0.483203948183977
20753.85080202,2734175475,84,83,1,0,28,65.22585700076888,-36,63,2.5988700564971765,-98.17880794701986,98.6870897155361,57.75467775467774,-0.41514041514041367,2.4981631153563555,0.13345632854605077,-1.8331070415233413,1.5201749607946704,1.5462526341887264,2.5939615123146194,-0.483203948183977,0.13345632854605077,-1.8331070415233413,1.5201749607946704,1.5462526341887264,2.5939615123146194,-0.483203948183977
20753.950845514,2734175475,87,86,1,0,32,65.21403999795439,-36,63,2.5988700564971765,-98.17880794701986,98.6870897155361,57.75467775467774,-0.41514041514041367,2.4981631153563555,0.13345632854605077,-1.8331070415233413,1.5201749607946704,1.5462526341887264,2.5939615123146194,-0.483203948183977,0.13345632854605077,-1.8331070415233413,1.5201749607946704,1.5462526341887264,2.5939615123146194,-0.483203948183977
20754.050882274,2734175475,90,88,1,0,14,98.46008199747303,-36,63,2.5988700564971765,-98.17880794701986,98.6870897155361,57.75467775467774,-0.41514041514041367,2.4981631153563555,0.13345632854605077,-1.8331070415233413,1.5201749607946704,1.5462526341887264,2.5939615123146194,-0.483203948183977,0.13345632854605077,-1.8331070415233413,1.5201749607946704,1.5462526341887264,2.5939615123146194,-0.483203948183977
20754.150922681,2734175475,93,92,1,0,32,65.16096900304547,-36,63,2.5988700564971765,-98.17880794701986,98.6870897155361,57.75467775467774,-0.41514041514041367,2.4981631153563555,0.13345632854605077,-1.8331070415233413,1.5201749607946704,1.5462526341887264,2.5939615123146194,-0.483203948183977,0.13345632854605077,-1.8331070415233413,1.5201749607946704,1.5462526341887264,2.5939615123146194,-0.483203948183977
20754.250932598,2734175475,96,95,1,0,32,65.13140600145562,-36,63,2.5988700564971765,-98.17880794701986,98.6870897155361,57.75467775467774,-0.41514041514041367,2.4981631153563555,0.13345632854605077,-1.8331070415233413,1.5201749607946704,1.5462526341887264,2.5939615123146194,-0.483203948183977,0.13345632854605077,-1.8331070415233413,1.5201749607946704,1.5462526341887264,2.5939615123146194,-0.483203948183977
20754.350889271,2734175475,99,98,1,0,33,65.27368399838451,-36,63,2.5988700564971765,-98.17880794701986,98.6870897155361,57.75467775467774,-0.41514041514041367,2.4981631153563555,0.13345632854605077,-1.8331070415233413,1.5201749607946704,1.5462526341887264,2.5939615123146194,-0.483203948183977,0.13345632854605077,-1.8331070415233413,1.5201749607946704,1.5462526341887264,2.5939615123146194,-0.483203948183977
20754.450868463,2734175475,102,101,1,0,32,65.29853000029107,-39,63,2.5988700564971765,-98.17880794701986,98.6870897155361,57.75467775467774,-0.41514041514041367,2.4981631153563555,0.13345632854605077,-1.8331070415233413,1.5201749607946704,1.5462526341887264,2.5939615123146194,-0.483203948183977,0.13345632854605077,-1.8331070415233413,1.5201749607946704,1.5462526341887264,2.5939615123146194,-0.483203948183977
20754.550922846,2734175475,105,104,1,0,32,65.39148100273451,-39,63,2.5988700564971765,-98.17880794701986,98.6870897155361,57.75467775467774,-0.41514041514041367,2.4981631153563555,0.13345632854605077,-1.8331070415233413,1.5201749607946704,1.5462526341887264,2.5939615123146194,-0.483203948183977,0.13345632854605077,-1.8331070415233413,1.5201749607946704,1.5462526341887264,2.5939615123146194,-0.483203948183977
20754.650911926,2734175475,108,107,1,0,32,65.38810599886347,-39,63,2.5988700564971765,-98.17880794701986,98.6870897155361,57.75467775467774,-0.41514041514041367,2.4981631153563555,0.13345632854605077,-1.8331070415233413,1.5201749607946704,1.5462526341887264,2.5939615123146194,-0.483203948183977,0.13345632854605077,-1.8331070415233413,1.5201749607946704,1.5462526341887264,2.5939615123146194,-0.483203948183977
20754.750912166,2734175475,111,110,1,0,27,65.34304600063479,-39,63,2.5988700564971765,-98.17880794701986,98.6870897155361,57.75467775467774,-0.41514041514041367,2.4981631153563555,0.13345632854605077,-1.8331070415233413,1.5201749607946704,1.5462526341887264,2.5939615123146194,-0.483203948183977,0.13345632854605077,-1.8331070415233413,1.5201749607946704,1.5462526341887264,2.5939615123146194,-0.483203948183977
20754.850775136,2734175475,114,113,1,0,31,65.30474200189929,-39,63,2.5988700564971765,-98.17880794701986,98.6870897155361,57.75467775467774,-0.41514041514041367,2.4981631153563555,0.13345632854605077,-1.8331070415233413,1.5201749607946704,1.5462526341887264,2.5939615123146194,-0.483203948183977,0.13345632854605077,-1.8331070415233413,1.5201749607946704,1.5462526341887264,2.5939615123146194,-0.483203948183977
20754.950855705,2734175475,117,116,1,0,31,65.35372600046685,-39,63,2.5988700564971765,-98.17880794701986,98.6870897155361,57.75467775467774,-0.41514041514041367,2.4981631153563555,0.13345632854605077,-1.8331070415233413,1.5201749607946704,1.5462526341887264,2.5939615123146194,-0.483203948183977,0.13345632854605077,-1.8331070415233413,1.5201749607946704,1.5462526341887264,2.5939615123146194,-0.483203948183977
20755.050876804,2734175475,120,119,1,0,31,65.0362230007886,-39,63,2.5988700564971765,-98.17880794701986,98.6870897155361,57.75467775467774,-0.41514041514041367,2.4981631153563555,0.13345632854605077,-1.8331070415233413,1.5201749607946704,1.5462526341887264,2.5939615123146194,-0.483203948183977,0.13345632854605077,-1.8331070415233413,1.5201749607946704,1.5462526341887264,2.5939615123146194,-0.483203948183977
20755.150803538,2734175475,123,122,1,0,31,65.2290299985907,-39,63,2.5988700564971765,-98.17880794701986,98.6870897155361,57.75467775467774,-0.41514041514041367,2.4981631153563555,0.13345632854605077,-1.8331070415233413,1.5201749607946704,1.5462526341887264,2.5939615123146194,-0.483203948183977,0.13345632854605077,-1.8331070415233413,1.5201749607946704,1.5462526341887264,2.5939615123146194,-0.483203948183977
20755.250928475,2734175475,126,125,1,0,31,65.06225599878235,-39,63,2.5988700564971765,-98.17880794701986,98.6870897155361,57.75467775467774,-0.41514041514041367,2.4981631153563555,0.13345632854605077,-1.8331070415233413,1.5201749607946704,1.5462526341887264,2.5939615123146194,-0.483203948183977,0.13345632854605077,-1.8331070415233413,1.5201749607946704,1.5462526341887264,2.5939615123146194,-0.483203948183977
20755.350931448,2734175475,129,127,1,0,13,98.43051999996533,-39,63,2.5988700564971765,-98.17880794701986,98.6870897155361,57.75467775467774,-0.41514041514041367,2.4981631153563555,0.13345632854605077,-1.8331070415233413,1.5201749607946704,1.5462526341887264,2.5939615123146194,-0.483203948183977,0.13345632854605077,-1.8331070415233413,1.5201749607946704,1.5462526341887264,2.5939615123146194,-0.483203948183977
20755.450931822,2734175475,132,131,1,0,32,65.262102001725,-39,63,2.5988700564971765,-98.17880794701986,98.6870897155361,57.75467775467774,-0.41514041514041367,2.4981631153563555,0.13345632854605077,-1.8331070415233413,1.5201749607946704,1.5462526341887264,2.5939615123146194,-0.483203948183977,0.13345632854605077,-1.8331070415233413,1.5201749607946704,1.5462526341887264,2.5939615123146194,-0.483203948183977
20755.550855075,2734175475,135,134,1,0,32,65.01807600216125,-34,63,2.5988700564971765,-98.17880794701986,98.6870897155361,57.75467775467774,-0.41514041514041367,2.4981631153563555,0.13345632854605077,-1.8331070415233413,1.5201749607946704,1.5462526341887264,2.5939615123146194,-0.483203948183977,0.13345632854605077,-1.8331070415233413,1.5201749607946704,1.5462526341887264,2.5939615123146194,-0.483203948183977
20755.650915241,2734175475,138,137,1,0,32,65.33610100086662,-34,63,2.5988700564971765,-98.17880794701986,98.6870897155361,57.75467775467774,-0.41514041514041367,2.4981631153563555,0.13345632854605077,-1.8331070415233413,1.5201749607946704,1.5462526341887264,2.5939615123146194,-0.483203948183977,0.13345632854605077,-1.8331070415233413,1.5201749607946704,1.5462526341887264,2.5939615123146194,-0.483203948183977
20755.750788673,2734175475,141,140,1,0,32,65.26980199851096,-34,63,2.5988700564971765,-98.17880794701986,98.6870897155361,57.75467775467774,-0.41514041514041367,2.4981631153563555,0.13345632854605077,-1.8331070415233413,1.5201749607946704,1.5462526341887264,2.5939615123146194,-0.483203948183977,0.13345632854605077,-1.8331070415233413,1.5201749607946704,1.5462526341887264,2.5939615123146194,-0.483203948183977
20755.850891314,2734175475,144,143,1,0,29,65.20763899970916,-34,63,2.5988700564971765,-98.17880794701986,98.6870897155361,57.75467775467774,-0.41514041514041367,2.4981631153563555,0.13345632854605077,-1.8331070415233413,1.5201749607946704,1.5462526341887264,2.5939615123146194,-0.483203948183977,0.13345632854605077,-1.8331070415233413,1.5201749607946704,1.5462526341887264,2.5939615123146194,-0.483203948183977
20755.950892185,2734175475,147,146,1,0,32,65.2603740018094,-34,63,2.5988700564971765,-98.17880794701986,98.6870897155361,57.75467775467774,-0.41514041514041367,2.4981631153563555,0.13345632854605077,-1.8331070415233413,1.5201749607946704,1.5462526341887264,2.5939615123146194,-0.483203948183977,0.13345632854605077,-1.8331070415233413,1.5201749607946704,1.5462526341887264,2.5939615123146194,-0.483203948183977
20756.050940605,2734175475,150,149,1,0,32,65.21869300195249,-34,63,2.5988700564971765,-98.17880794701986,98.6870897155361,57.75467775467774,-0.41514041514041367,2.4981631153563555,0.13345632854605077,-1.8331070415233413,1.5201749607946704,1.5462526341887264,2.5939615123146194,-0.483203948183977,0.13345632854605077,-1.8331070415233413,1.5201749607946704,1.5462526341887264,2.5939615123146194,-0.483203948183977
20756.150859466,2734175475,153,152,1,0,32,65.19754300097702,-34,63,2.5988700564971765,-98.17880794701986,98.6870897155361,57.75467775467774,-0.41514041514041367,2.4981631153563555,0.13345632854605077,-1.8331070415233413,1.5201749607946704,1.5462526341887264,2.5939615123146194,-0.483203948183977,0.13345632854605077,-1.8331070415233413,1.5201749607946704,1.5462526341887264,2.5939615123146194,-0.483203948183977
20756.250989658,2734175475,156,155,1,0,31,65.21323199922335,-34,63,2.5988700564971765,-98.17880794701986,98.6870897155361,57.75467775467774,-0.41514041514041367,2.4981631153563555,0.13345632854605077,-1.8331070415233413,1.5201749607946704,1.5462526341887264,2.5939615123146194,-0.483203948183977,0.13345632854605077,-1.8331070415233413,1.5201749607946704,1.5462526341887264,2.5939615123146194,-0.483203948183977
20756.350919679,2734175475,159,158,1,0,27,65.21006500042859,-34,63,2.5988700564971765,-98.17880794701986,98.6870897155361,57.75467775467774,-0.41514041514041367,2.4981631153563555,0.13345632854605077,-1.8331070415233413,1.5201749607946704,1.5462526341887264,2.5939615123146194,-0.483203948183977,0.13345632854605077,-1.8331070415233413,1.5201749607946704,1.5462526341887264,2.5939615123146194,-0.483203948183977
20756.450862058,2734175475,162,161,1,0,32,65.26967399986461,-34,63,2.5988700564971765,-98.17880794701986,98.6870897155361,57.75467775467774,-0.41514041514041367,2.4981631153563555,0.13345632854605077,-1.8331070415233413,1.5201749607946704,1.5462526341887264,2.5939615123146194,-0.483203948183977,0.13345632854605077,-1.8331070415233413,1.5201749607946704,1.5462526341887264,2.5939615123146194,-0.483203948183977
20756.550992757,2734175475,165,164,1,0,32,65.40769399725832,-34,63,2.5988700564971765,-98.17880794701986,98.6870897155361,57.75467775467774,-0.41514041514041367,2.4981631153563555,0.13345632854605077,-1.8331070415233413,1.5201749607946704,1.5462526341887264,2.5939615123146194,-0.483203948183977,0.13345632854605077,-1.8331070415233413,1.5201749607946704,1.5462526341887264,2.5939615123146194,-0.483203948183977
20756.650930431,2734175475,168,166,1,0,14,98.26212000189116,-34,63,2.5988700564971765,-98.17880794701986,98.6870897155361,57.75467775467774,-0.41514041514041367,2.4981631153563555,0.13345632854605077,-1.8331070415233413,1.5201749607946704,1.5462526341887264,2.5939615123146194,-0.483203948183977,0.13345632854605077,-1.8331070415233413,1.5201749607946704,1.5462526341887264,2.5939615123146194,-0.483203948183977
20756.75079645,2734175475,171,170,1,0,31,65.20627799909562,-36,63,2.5988700564971765,-98.17880794701986,98.6870897155361,57.75467775467774,-0.41514041514041367,2.4981631153563555,0.13345632854605077,-1.8331070415233413,1.5201749607946704,1.5462526341887264,2.5939615123146194,-0.483203948183977,0.13345632854605077,-1.8331070415233413,1.5201749607946704,1.5462526341887264,2.5939615123146194,-0.483203948183977
20756.850774324,2734175475,174,173,1,0,31,65.2077630002168,-36,63,2.5988700564971765,-98.17880794701986,98.6870897155361,57.75467775467774,-0.41514041514041367,2.4981631153563555,0.13345632854605077,-1.8331070415233413,1.5201749607946704,1.5462526341887264,2.5939615123146194,-0.483203948183977,0.13345632854605077,-1.8331070415233413,1.5201749607946704,1.5462526341887264,2.5939615123146194,-0.483203948183977
20756.950939753,2734175475,177,176,1,0,31,65.38602399814408,-36,63,2.5988700564971765,-98.17880794701986,98.6870897155361,57.75467775467774,-0.41514041514041367,2.4981631153563555,0.13345632854605077,-1.8331070415233413,1.5201749607946704,1.5462526341887264,2.5939615123146194,-0.483203948183977,0.13345632854605077,-1.8331070415233413,1.5201749607946704,1.5462526341887264,2.5939615123146194,-0.483203948183977
20757.050878933,2734175475,180,179,1,0,32,65.21671500013326,-36,63,2.5988700564971765,-98.17880794701986,98.6870897155361,57.75467775467774,-0.41514041514041367,2.4981631153563555,0.13345632854605077,-1.8331070415233413,1.5201749607946704,1.5462526341887264,2.5939615123146194,-0.483203948183977,0.13345632854605077,-1.8331070415233413,1.5201749607946704,1.5462526341887264,2.5939615123146194,-0.483203948183977
20757.150921957,2734175475,183,182,1,0,32,65.0948749971576,-36,63,2.5988700564971765,-98.17880794701986,98.6870897155361,57.75467775467774,-0.41514041514041367,2.4981631153563555,0.13345632854605077,-1.8331070415233413,1.5201749607946704,1.5462526341887264,2.5939615123146194,-0.483203948183977,0.13345632854605077,-1.8331070415233413,1.5201749607946704,1.5462526341887264,2.5939615123146194,-0.483203948183977
20757.250866116,2734175475,186,185,1,0,32,65.413667998655,-36,63,2.5988700564971765,-98.17880794701986,98.6870897155361,57.75467775467774,-0.41514041514041367,2.4981631153563555,0.13345632854605077,-1.8331070415233413,1.5201749607946704,1.5462526341887264,2.5939615123146194,-0.483203948183977,0.13345632854605077,-1.8331070415233413,1.5201749607946704,1.5462526341887264,2.5939615123146194,-0.483203948183977
20757.350934598,2734175475,189,188,1,0,32,65.25765200058231,-36,63,2.5988700564971765,-98.17880794701986,98.6870897155361,57.75467775467774,-0.41514041514041367,2.4981631153563555,0.13345632854605077,-1.8331070415233413,1.5201749607946704,1.5462526341887264,2.5939615123146194,-0.483203948183977,0.13345632854605077,-1.8331070415233413,1.5201749607946704,1.5462526341887264,2.5939615123146194,-0.483203948183977
20757.450916896,2734175475,192,191,1,0,32,65.11122099982458,-36,63,2.5988700564971765,-98.17880794701986,98.6870897155361,57.75467775467774,-0.41514041514041367,2.4981631153563555,0.13345632854605077,-1.8331070415233413,1.5201749607946704,1.5462526341887264,2.5939615123146194,-0.483203948183977,0.13345632854605077,-1.8331070415233413,1.5201749607946704,1.5462526341887264,2.5939615123146194,-0.483203948183977
20757.550926427,2734175475,195,194,1,0,32,65.22391299949959,-36,63,2.5988700564971765,-98.17880794701986,98.6870897155361,57.75467775467774,-0.41514041514041367,2.4981631153563555,0.13345632854605077,-1.8331070415233413,1.5201749607946704,1.5462526341887264,2.5939615123146194,-0.483203948183977,0.13345632854605077,-1.8331070415233413,1.5201749607946704,1.5462526341887264,2.5939615123146194,-0.483203948183977
20757.650776763,2734175475,198,197,1,0,32,64.98888100031763,-36,63,2.5988700564971765,-98.17880794701986,98.6870897155361,57.75467775467774,-0.41514041514041367,2.4981631153563555,0.13345632854605077,-1.8331070415233413,1.5201749607946704,1.5462526341887264,2.5939615123146194,-0.483203948183977,0.13345632854605077,-1.8331070415233413,1.5201749607946704,1.5462526341887264,2.5939615123146194,-0.483203948183977
20757.750786541,2734175475,201,200,1,0,32,65.15867900088779,-36,63,2.5988700564971765,-98.17880794701986,98.6870897155361,57.75467775467774,-0.41514041514041367,2.4981631153563555,0.13345632854605077,-1.8331070415233413,1.5201749607946704,1.5462526341887264,2.5939615123146194,-0.483203948183977,0.13345632854605077,-1.8331070415233413,1.5201749607946704,1.5462526341887264,2.5939615123146194,-0.483203948183977
20757.850790233,2734175475,204,203,1,0,31,65.00005799898645,-38,63,2.5988700564971765,-98.17880794701986,98.6870897155361,57.75467775467774,-0.41514041514041367,2.4981631153563555,0.13345632854605077,-1.8331070415233413,1.5201749607946704,1.5462526341887264,2.5939615123146194,-0.483203948183977,0.13345632854605077,-1.8331070415233413,1.5201749607946704,1.5462526341887264,2.5939615123146194,-0.483203948183977
20757.950906198,2734175475,207,206,1,0,31,65.32507000156329,-38,63,2.5988700564971765,-98.17880794701986,98.6870897155361,57.75467775467774,-0.41514041514041367,2.4981631153563555,0.13345632854605077,-1.8331070415233413,1.5201749607946704,1.5462526341887264,2.5939615123146194,-0.483203948183977,0.13345632854605077,-1.8331070415233413,1.5201749607946704,1.5462526341887264,2.5939615123146194,-0.483203948183977
20758.051070205,2734175475,210,209,1,0,31,65.2197570016142,-38,63,2.5988700564971765,-98.17880794701986,98.6870897155361,57.75467775467774,-0.41514041514041367,2.4981631153563555,0.13345632854605077,-1.8331070415233413,1.5201749607946704,1.5462526341887264,2.5939615123146194,-0.483203948183977,0.13345632854605077,-1.8331070415233413,1.5201749607946704,1.5462526341887264,2.5939615123146194,-0.483203948183977
20758.150979778,2734175475,213,212,1,0,31,64.95762399936211,-38,63,2.5988700564971765,-98.17880794701986,98.6870897155361,57.75467775467774,-0.41514041514041367,2.4981631153563555,0.13345632854605077,-1.8331070415233413,1.5201749607946704,1.5462526341887264,2.5939615123146194,-0.483203948183977,0.13345632854605077,-1.8331070415233413,1.5201749607946704,1.5462526341887264,2.5939615123146194,-0.483203948183977
20758.251065517,2734175475,216,215,1,0,31,65.36749600127223,-38,63,2.5988700564971765,-98.17880794701986,98.6870897155361,57.75467775467774,-0.41514041514041367,2.4981631153563555,0.13345632854605077,-1.8331070415233413,1.5201749607946704,1.5462526341887264,2.5939615123146194,-0.483203948183977,0.13345632854605077,-1.8331070415233413,1.5201749607946704,1.5462526341887264,2.5939615123146194,-0.483203948183977
20758.350939068,2734175475,219,218,1,0,31,65.08407200090005,-38,63,2.5988700564971765,-98.17880794701986,98.6870897155361,57.75467775467774,-0.41514041514041367,2.4981631153563555,0.13345632854605077,-1.8331070415233413,1.5201749607946704,1.5462526341887264,2.5939615123146194,-0.483203948183977,0.13345632854605077,-1.8331070415233413,1.5201749607946704,1.5462526341887264,2.5939615123146194,-0.483203948183977
20758.451095214,2734175475,222,221,1,0,23,65.29264300115756,-38,63,2.5988700564971765,-98.17880794701986,98.6870897155361,57.75467775467774,-0.41514041514041367,2.4981631153563555,0.13345632854605077,-1.8331070415233413,1.5201749607946704,1.5462526341887264,2.5939615123146194,-0.483203948183977,0.13345632854605077,-1.8331070415233413,1.5201749607946704,1.5462526341887264,2.5939615123146194,-0.483203948183977
20758.551131702,2734175475,225,224,1,0,31,65.15276099889888,-38,63,2.5988700564971765,-98.17880794701986,98.6870897155361,57.75467775467774,-0.41514041514041367,2.4981631153563555,0.13345632854605077,-1.8331070415233413,1.5201749607946704,1.5462526341887264,2.5939615123146194,-0.483203948183977,0.13345632854605077,-1.8331070415233413,1.5201749607946704,1.5462526341887264,2.5939615123146194,-0.483203948183977
20758.650930146,2734175475,228,227,1,0,31,65.19142800243571,-38,63,2.5988700564971765,-98.17880794701986,98.6870897155361,57.75467775467774,-0.41514041514041367,2.4981631153563555,0.13345632854605077,-1.8331070415233413,1.5201749607946704,1.5462526341887264,2.5939615123146194,-0.483203948183977,0.13345632854605077,-1.8331070415233413,1.5201749607946704,1.5462526341887264,2.5939615123146194,-0.483203948183977
20758.750806503,2734175475,231,230,1,0,31,64.95242399978451,-38,63,2.5988700564971765,-98.17880794701986,98.6870897155361,57.75467775467774,-0.41514041514041367,2.4981631153563555,0.13345632854605077,-1.8331070415233413,1.5201749607946704,1.5462526341887264,2.5939615123146194,-0.483203948183977,0.13345632854605077,-1.8331070415233413,1.5201749607946704,1.5462526341887264,2.5939615123146194,-0.483203948183977
20758.85108946,2734175475,234,233,1,0,31,65.31181900209049,-38,63,2.5988700564971765,-98.17880794701986,98.6870897155361,57.75467775467774,-0.41514041514041367,2.4981631153563555,0.13345632854605077,-1.8331070415233413,1.5201749607946704,1.5462526341887264,2.5939615123146194,-0.483203948183977,0.13345632854605077,-1.8331070415233413,1.5201749607946704,1.5462526341887264,2.5939615123146194,-0.483203948183977
20758.950922794,2734175475,237,236,1,0,27,64.90481500077294,-40,63,2.5988700564971765,-98.17880794701986,98.6870897155361,57.75467775467774,-0.41514041514041367,2.4981631153563555,0.13345632854605077,-1.8331070415233413,1.5201749607946704,1.5462526341887264,2.5939615123146194,-0.483203948183977,0.13345632854605077,-1.8331070415233413,1.5201749607946704,1.5462526341887264,2.5939615123146194,-0.483203948183977
20759.050938122,2734175475,240,239,1,0,31,65.14199499724782,-40,63,2.5988700564971765,-98.17880794701986,98.6870897155361,57.75467775467774,-0.41514041514041367,2.4981631153563555,0.13345632854605077,-1.8331070415233413,1.5201749607946704,1.5462526341887264,2.5939615123146194,-0.483203948183977,0.13345632854605077,-1.8331070415233413,1.5201749607946704,1.5462526341887264,2.5939615123146194,-0.483203948183977
20759.151061258,2734175475,243,242,1,0,31,65.14488699758658,-40,63,2.5988700564971765,-98.17880794701986,98.6870897155361,57.75467775467774,-0.41514041514041367,2.4981631153563555,0.13345632854605077,-1.8331070415233413,1.5201749607946704,1.5462526341887264,2.5939615123146194,-0.483203948183977,0.13345632854605077,-1.8331070415233413,1.5201749607946704,1.5462526341887264,2.5939615123146194,-0.483203948183977
20759.250973053,2734175475,246,245,1,0,31,65.05072400250356,-40,63,2.5988700564971765,-98.17880794701986,98.6870897155361,57.75467775467774,-0.41514041514041367,2.4981631153563555,0.13345632854605077,-1.8331070415233413,1.5201749607946704,1.5462526341887264,2.5939615123146194,-0.483203948183977,0.13345632854605077,-1.8331070415233413,1.5201749607946704,1.5462526341887264,2.5939615123146194,-0.483203948183977
20759.350863535,2734175475,249,248,1,0,27,65.09545800145133,-40,63,2.5988700564971765,-98.17880794701986,98.6870897155361,57.75467775467774,-0.41514041514041367,2.4981631153563555,0.13345632854605077,-1.8331070415233413,1.5201749607946704,1.5462526341887264,2.5939615123146194,-0.483203948183977,0.13345632854605077,-1.8331070415233413,1.5201749607946704,1.5462526341887264,2.5939615123146194,-0.483203948183977
20759.451078904,2734175475,252,251,1,0,31,65.14535299720592,-40,63,2.5988700564971765,-98.17880794701986,98.6870897155361,57.75467775467774,-0.41514041514041367,2.4981631153563555,0.13345632854605077,-1.8331070415233413,1.5201749607946704,1.5462526341887264,2.5939615123146194,-0.483203948183977,0.13345632854605077,-1.8331070415233413,1.5201749607946704,1.5462526341887264,2.5939615123146194,-0.483203948183977
20759.550925415,2734175475,255,254,1,0,27,65.15835999744013,-40,63,2.5988700564971765,-98.17880794701986,98.6870897155361,57.75467775467774,-0.41514041514041367,2.4981631153563555,0.13345632854605077,-1.8331070415233413,1.5201749607946704,1.5462526341887264,2.5939615123146194,-0.483203948183977,0.13345632854605077,-1.8331070415233413,1.5201749607946704,1.5462526341887264,2.5939615123146194,-0.483203948183977
20759.650908122,2734175475,258,257,1,0,31,65.2191449989914,-40,63,2.5988700564971765,-98.17880794701986,98.6870897155361,57.75467775467774,-0.41514041514041367,2.4981631153563555,0.13345632854605077,-1.8331070415233413,1.5201749607946704,1.5462526341887264,2.5939615123146194,-0.483203948183977,0.13345632854605077,-1.8331070415233413,1.5201749607946704,1.5462526341887264,2.5939615123146194,-0.483203948183977
20759.751012917,2734175475,261,260,1,0,31,65.01828499676776,-40,63,2.5988700564971765,-98.17880794701986,98.6870897155361,57.75467775467774,-0.41514041514041367,2.4981631153563555,0.13345632854605077,-1.8331070415233413,1.5201749607946704,1.5462526341887264,2.5939615123146194,-0.483203948183977,0.13345632854605077,-1.8331070415233413,1.5201749607946704,1.5462526341887264,2.5939615123146194,-0.483203948183977
20759.850936039,2734175475,264,263,1,0,31,64.93886799944448,-40,63,2.5988700564971765,-98.17880794701986,98.6870897155361,57.75467775467774,-0.41514041514041367,2.4981631153563555,0.13345632854605077,-1.8331070415233413,1.5201749607946704,1.5462526341887264,2.5939615123146194,-0.483203948183977,0.13345632854605077,-1.8331070415233413,1.5201749607946704,1.5462526341887264,2.5939615123146194,-0.483203948183977
20759.951063112,2734175475,267,266,1,0,32,65.07591900299303,-40,63,2.5988700564971765,-98.17880794701986,98.6870897155361,57.75467775467774,-0.41514041514041367,2.4981631153563555,0.13345632854605077,-1.8331070415233413,1.5201749607946704,1.5462526341887264,2.5939615123146194,-0.483203948183977,0.13345632854605077,-1.8331070415233413,1.5201749607946704,1.5462526341887264,2.5939615123146194,-0.483203948183977
20760.050940488,2734175475,270,269,1,0,32,64.95296999855782,-39,63,2.5988700564971765,-98.17880794701986,98.6870897155361,57.75467775467774,-0.41514041514041367,2.4981631153563555,0.13345632854605077,-1.8331070415233413,1.5201749607946704,1.5462526341887264,2.5939615123146194,-0.483203948183977,0.13345632854605077,-1.8331070415233413,1.5201749607946704,1.5462526341887264,2.5939615123146194,-0.483203948183977
20760.150957868,2734175475,273,272,1,0,28,65.20628300131648,-39,63,2.5988700564971765,-98.17880794701986,98.6870897155361,57.75467775467774,-0.41514041514041367,2.4981631153563555,0.13345632854605077,-1.8331070415233413,1.5201749607946704,1.5462526341887264,2.5939615123146194,-0.483203948183977,0.13345632854605077,-1.8331070415233413,1.5201749607946704,1.5462526341887264,2.5939615123146194,-0.483203948183977
20760.250930361,2734175475,276,275,1,0,24,65.09545500011882,-39,63,2.5988700564971765,-98.17880794701986,98.6870897155361,57.75467775467774,-0.41514041514041367,2.4981631153563555,0.13345632854605077,-1.8331070415233413,1.5201749607946704,1.5462526341887264,2.5939615123146194,-0.483203948183977,0.13345632854605077,-1.8331070415233413,1.5201749607946704,1.5462526341887264,2.5939615123146194,-0.483203948183977
20760.350745665,2734175475,279,278,1,0,31,64.9734519975027,-39,63,2.5988700564971765,-98.17880794701986,98.6870897155361,57.75467775467774,-0.41514041514041367,2.4981631153563555,0.13345632854605077,-1.8331070415233413,1.5201749607946704,1.5462526341887264,2.5939615123146194,-0.483203948183977,0.13345632854605077,-1.8331070415233413,1.5201749607946704,1.5462526341887264,2.5939615123146194,-0.483203948183977
20760.450859996,2734175475,282,281,1,0,32,65.24996400185046,-39,63,2.5988700564971765,-98.17880794701986,98.6870897155361,57.75467775467774,-0.41514041514041367,2.4981631153563555,0.13345632854605077,-1.8331070415233413,1.5201749607946704,1.5462526341887264,2.5939615123146194,-0.483203948183977,0.13345632854605077,-1.8331070415233413,1.5201749607946704,1.5462526341887264,2.5939615123146194,-0.483203948183977
20760.550913528,2734175475,285,284,1,0,4,65.22940500144614,-39,63,2.5988700564971765,-98.17880794701986,98.6870897155361,57.75467775467774,-0.41514041514041367,2.4981631153563555,0.13345632854605077,-1.8331070415233413,1.5201749607946704,1.5462526341887264,2.5939615123146194,-0.483203948183977,0.13345632854605077,-1.8331070415233413,1.5201749607946704,1.5462526341887264,2.5939615123146194,-0.483203948183977
20760.650872813,2734175475,288,287,1,0,32,65.25933900047676,-39,63,2.5988700564971765,-98.17880794701986,98.6870897155361,57.75467775467774,-0.41514041514041367,2.4981631153563555,0.13345632854605077,-1.8331070415233413,1.5201749607946704,1.5462526341887264,2.5939615123146194,-0.483203948183977,0.13345632854605077,-1.8331070415233413,1.5201749607946704,1.5462526341887264,2.5939615123146194,-0.483203948183977
20760.750784429,2734175475,291,290,1,0,32,65.19180300165317,-39,63,2.5988700564971765,-98.17880794701986,98.6870897155361,57.75467775467774,-0.41514041514041367,2.4981631153563555,0.13345632854605077,-1.8331070415233413,1.5201749607946704,1.5462526341887264,2.5939615123146194,-0.483203948183977,0.13345632854605077,-1.8331070415233413,1.5201749607946704,1.5462526341887264,2.5939615123146194,-0.483203948183977
20760.850876411,2734175475,294,293,1,0,32,65.33995200152276,-39,63,2.5988700564971765,-98.17880794701986,98.6870897155361,57.75467775467774,-0.41514041514041367,2.4981631153563555,0.13345632854605077,-1.8331070415233413,1.5201749607946704,1.5462526341887264,2.5939615123146194,-0.483203948183977,0.13345632854605077,-1.8331070415233413,1.5201749607946704,1.5462526341887264,2.5939615123146194,-0.483203948183977
20760.95093615,2734175475,297,296,1,0,32,65.32905499989283,-39,63,2.5988700564971765,-98.17880794701986,98.6870897155361,57.75467775467774,-0.41514041514041367,2.4981631153563555,0.13345632854605077,-1.8331070415233413,1.5201749607946704,1.5462526341887264,2.5939615123146194,-0.483203948183977,0.13345632854605077,-1.8331070415233413,1.5201749607946704,1.5462526341887264,2.5939615123146194,-0.483203948183977
20761.050890326,2734175475,300,299,1,0,32,65.06240499948035,-39,63,2.5988700564971765,-98.17880794701986,98.6870897155361,57.75467775467774,-0.41514041514041367,2.4981631153563555,0.13345632854605077,-1.8331070415233413,1.5201749607946704,1.5462526341887264,2.5939615123146194,-0.483203948183977,0.13345632854605077,-1.8331070415233413,1.5201749607946704,1.5462526341887264,2.5939615123146194,-0.483203948183977
20761.150888651,2734175475,303,302,1,0,34,65.16171600014786,-45,63,2.5988700564971765,-98.17880794701986,98.6870897155361,57.75467775467774,-0.41514041514041367,2.4981631153563555,0.13345632854605077,-1.8331070415233413,1.5201749607946704,1.5462526341887264,2.5939615123146194,-0.483203948183977,0.13345632854605077,-1.8331070415233413,1.5201749607946704,1.5462526341887264,2.5939615123146194,-0.483203948183977
20761.250865982,2734175475,306,305,1,0,32,65.15637600023183,-45,63,2.5988700564971765,-98.17880794701986,98.6870897155361,57.75467775467774,-0.41514041514041367,2.4981631153563555,0.13345632854605077,-1.8331070415233413,1.5201749607946704,1.5462526341887264,2.5939615123146194,-0.483203948183977,0.13345632854605077,-1.8331070415233413,1.5201749607946704,1.5462526341887264,2.5939615123146194,-0.483203948183977
20761.350848647,2734175475,309,308,1,0,31,65.2363070003048,-45,63,2.5988700564971765,-98.17880794701986,98.6870897155361,57.75467775467774,-0.41514041514041367,2.4981631153563555,0.13345632854605077,-1.8331070415233413,1.5201749607946704,1.5462526341887264,2.5939615123146194,-0.483203948183977,0.13345632854605077,-1.8331070415233413,1.5201749607946704,1.5462526341887264,2.5939615123146194,-0.483203948183977
20761.450921396,2734175475,312,311,1,0,31,65.0966180000978,-45,63,2.5988700564971765,-98.17880794701986,98.6870897155361,57.75467775467774,-0.41514041514041367,2.4981631153563555,0.13345632854605077,-1.8331070415233413,1.5201749607946704,1.5462526341887264,2.5939615123146194,-0.483203948183977,0.13345632854605077,-1.8331070415233413,1.5201749607946704,1.5462526341887264,2.5939615123146194,-0.483203948183977
20761.550869481,2734175475,315,314,1,0,31,65.08654400022351,-45,63,2.5988700564971765,-98.17880794701986,98.6870897155361,57.75467775467774,-0.41514041514041367,2.4981631153563555,0.13345632854605077,-1.8331070415233413,1.5201749607946704,1.5462526341887264,2.5939615123146194,-0.483203948183977,0.13345632854605077,-1.8331070415233413,1.5201749607946704,1.5462526341887264,2.5939615123146194,-0.483203948183977
20761.650766727,2734175475,318,317,1,0,27,64.94813500103191,-45,63,2.5988700564971765,-98.17880794701986,98.6870897155361,57.75467775467774,-0.41514041514041367,2.4981631153563555,0.13345632854605077,-1.8331070415233413,1.5201749607946704,1.5462526341887264,2.5939615123146194,-0.483203948183977,0.13345632854605077,-1.8331070415233413,1.5201749607946704,1.5462526341887264,2.5939615123146194,-0.483203948183977
20761.750769397,2734175475,321,320,1,0,29,65.05498499973328,-45,63,2.5988700564971765,-98.17880794701986,98.6870897155361,57.75467775467774,-0.41514041514041367,2.4981631153563555,0.13345632854605077,-1.8331070415233413,1.5201749607946704,1.5462526341887264,2.5939615123146194,-0.483203948183977,0.13345632854605077,-1.8331070415233413,1.5201749607946704,1.5462526341887264,2.5939615123146194,-0.483203948183977
20761.850792528,2734175475,324,323,1,0,11,65.21477000205778,-45,63,2.5988700564971765,-98.17880794701986,98.6870897155361,57.75467775467774,-0.41514041514041367,2.4981631153563555,0.13345632854605077,-1.8331070415233413,1.5201749607946704,1.5462526341887264,2.5939615123146194,-0.483203948183977,0.13345632854605077,-1.8331070415233413,1.5201749607946704,1.5462526341887264,2.5939615123146194,-0.483203948183977
20761.950881664,2734175475,327,326,1,0,30,65.02806400021655,-45,63,2.5988700564971765,-98.17880794701986,98.6870897155361,57.75467775467774,-0.41514041514041367,2.4981631153563555,0.13345632854605077,-1.8331070415233413,1.5201749607946704,1.5462526341887264,2.5939615123146194,-0.483203948183977,0.13345632854605077,-1.8331070415233413,1.5201749607946704,1.5462526341887264,2.5939615123146194,-0.483203948183977
20762.050807044,2734175475,330,329,1,0,31,64.83503899653442,-45,63,2.5988700564971765,-98.17880794701986,98.6870897155361,57.75467775467774,-0.41514041514041367,2.4981631153563555,0.13345632854605077,-1.8331070415233413,1.5201749607946704,1.5462526341887264,2.5939615123146194,-0.483203948183977,0.13345632854605077,-1.8331070415233413,1.5201749607946704,1.5462526341887264,2.5939615123146194,-0.483203948183977
20762.150917857,2734175475,333,332,1,0,31,64.872341001319,-45,63,2.5988700564971765,-98.17880794701986,98.6870897155361,57.75467775467774,-0.41514041514041367,2.4981631153563555,0.13345632854605077,-1.8331070415233413,1.5201749607946704,1.5462526341887264,2.5939615123146194,-0.483203948183977,0.13345632854605077,-1.8331070415233413,1.5201749607946704,1.5462526341887264,2.5939615123146194,-0.483203948183977
